"平台","路径","中文名称","ROM格式"
"00-GB","/roms/00-GB/1.gb","G&W集锦1","gb"
"00-GB","/roms/00-GB/2.gb","G&W集锦2","gb"
"00-GB","/roms/00-GB/3.gb","NBA JAM杯赛版","gb"
"00-GB","/roms/00-GB/4.gb","SD高达外传 拉古罗亚群英传","gb"
"00-GB","/roms/00-GB/5.gb","SD鲁邦三世 破坏金库大作战","gb"
"00-GB","/roms/00-GB/6.gb","V-拉力赛车","gb"
"00-GB","/roms/00-GB/7.gb","艾斯帕克斯的奇迹冒险","gb"
"00-GB","/roms/00-GB/8.gb","超级马里奥1","gb"
"00-GB","/roms/00-GB/9.gb","超级马里奥4","gb"
"00-GB","/roms/00-GB/10.gb","超级马里奥医生","gb"
"00-GB","/roms/00-GB/11.gb","超级中国人","gb"
"00-GB","/roms/00-GB/12.gb","创世纪外传神秘的美德2","gb"
"00-GB","/roms/00-GB/13.gb","大金刚","gb"
"00-GB","/roms/00-GB/14.gb","大金刚国度","gb"
"00-GB","/roms/00-GB/15.gb","大力工头机器人帝国的野心","gb"
"00-GB","/roms/00-GB/16.gb","大力工头幽灵建筑公司","gb"
"00-GB","/roms/00-GB/17.gb","导弹指挥官","gb"
"00-GB","/roms/00-GB/18.gb","地球解放军","gb"
"00-GB","/roms/00-GB/19.gb","第1次超级机器人大战","gb"
"00-GB","/roms/00-GB/20.gb","第2次超级机器人大战","gb"
"00-GB","/roms/00-GB/21.gb","俄罗斯方块","gb"
"00-GB","/roms/00-GB/22.gb","恶魔城1","gb"
"00-GB","/roms/00-GB/23.gb","恶魔城2","gb"
"00-GB","/roms/00-GB/24.gb","恶魔城3","gb"
"00-GB","/roms/00-GB/25.gb","恶魔城外传 王子传奇","gb"
"00-GB","/roms/00-GB/26.gb","菲利克斯猫","gb"
"00-GB","/roms/00-GB/27.gb","疯狂越野摩托车","gb"
"00-GB","/roms/00-GB/28.gb","复仇幽灵","gb"
"00-GB","/roms/00-GB/29.gb","钢刀曲棍球","gb"
"00-GB","/roms/00-GB/30.gb","光之神话","gb"
"00-GB","/roms/00-GB/31.gb","魂斗罗1","gb"
"00-GB","/roms/00-GB/32.gb","魂斗罗2","gb"
"00-GB","/roms/00-GB/33.gb","机械战警1","gb"
"00-GB","/roms/00-GB/34.gb","机械战警2","gb"
"00-GB","/roms/00-GB/35.gb","机械战警对终结者","gb"
"00-GB","/roms/00-GB/36.gb","街头霸王2","gb"
"00-GB","/roms/00-GB/37.gb","街头赛车","gb"
"00-GB","/roms/00-GB/38.gb","解谜小子","gb"
"00-GB","/roms/00-GB/39.gb","口袋妖怪 红","gb"
"00-GB","/roms/00-GB/40.gb","口袋妖怪 蓝","gb"
"00-GB","/roms/00-GB/41.gb","口袋妖怪 绿","gb"
"00-GB","/roms/00-GB/42.gb","口袋妖怪 皮卡丘","gb"
"00-GB","/roms/00-GB/43.gb","狂热鼹鼠","gb"
"00-GB","/roms/00-GB/44.gb","矿王","gb"
"00-GB","/roms/00-GB/45.gb","蜡笔小新1 我和小白是朋友","gb"
"00-GB","/roms/00-GB/46.gb","蜡笔小新2 我和调皮鬼捉迷藏","gb"
"00-GB","/roms/00-GB/47.gb","蜡笔小新3 我的健康运动","gb"
"00-GB","/roms/00-GB/48.gb","蜡笔小新4 恶作剧大变身","gb"
"00-GB","/roms/00-GB/49.gb","两次运球","gb"
"00-GB","/roms/00-GB/50.gb","龙之尾","gb"
"00-GB","/roms/00-GB/51.gb","龙珠Z 悟空飞翔传","gb"
"00-GB","/roms/00-GB/52.gb","洛克人1","gb"
"00-GB","/roms/00-GB/53.gb","洛克人2","gb"
"00-GB","/roms/00-GB/54.gb","洛克人3","gb"
"00-GB","/roms/00-GB/55.gb","洛克人4","gb"
"00-GB","/roms/00-GB/56.gb","洛克人5","gb"
"00-GB","/roms/00-GB/57.gb","冒险岛1","gb"
"00-GB","/roms/00-GB/58.gb","冒险岛2","gb"
"00-GB","/roms/00-GB/59.gb","米老鼠之危险的追逐","gb"
"00-GB","/roms/00-GB/60.gb","魔界村外传","gb"
"00-GB","/roms/00-GB/61.gb","女神转生外传 最后的圣经2","gb"
"00-GB","/roms/00-GB/62.gb","奇天烈大百科","gb"
"00-GB","/roms/00-GB/63.gb","蚯蚓战士","gb"
"00-GB","/roms/00-GB/64.gb","燃纸大作战","gb"
"00-GB","/roms/00-GB/65.gb","热斗 斗神传","gb"
"00-GB","/roms/00-GB/66.gb","热斗 饿狼传说2","gb"
"00-GB","/roms/00-GB/67.gb","热斗 饿狼传说特别版","gb"
"00-GB","/roms/00-GB/68.gb","热斗 拳皇95","gb"
"00-GB","/roms/00-GB/69.gb","热斗 拳皇96","gb"
"00-GB","/roms/00-GB/70.gb","热斗 拳皇97","gb"
"00-GB","/roms/00-GB/71.gb","热斗 拳皇98","gb"
"00-GB","/roms/00-GB/72.gb","热斗 世界英雄2","gb"
"00-GB","/roms/00-GB/73.gb","热斗 侍魂","gb"
"00-GB","/roms/00-GB/74.gb","热斗 侍魂斩红郎无双剑","gb"
"00-GB","/roms/00-GB/75.gb","热血硬派 番外乱斗篇","gb"
"00-GB","/roms/00-GB/76.gb","忍者龙剑传","gb"
"00-GB","/roms/00-GB/77.gb","忍者神龟1 鬼脚族的陨落","gb"
"00-GB","/roms/00-GB/78.gb","忍者神龟2 下水道归来","gb"
"00-GB","/roms/00-GB/79.gb","忍者神龟3 紧急营救","gb"
"00-GB","/roms/00-GB/80.gb","忍者蛙1","gb"
"00-GB","/roms/00-GB/81.gb","忍者蛙2","gb"
"00-GB","/roms/00-GB/82.gb","忍者蛙和双截龙","gb"
"00-GB","/roms/00-GB/83.gb","三国志","gb"
"00-GB","/roms/00-GB/84.gb","神鸡艾烈佛","gb"
"00-GB","/roms/00-GB/85.gb","生化尖兵","gb"
"00-GB","/roms/00-GB/86.gb","圣剑传说","gb"
"00-GB","/roms/00-GB/87.gb","双截龙1","gb"
"00-GB","/roms/00-GB/88.gb","双截龙2","gb"
"00-GB","/roms/00-GB/89.gb","双截龙3","gb"
"00-GB","/roms/00-GB/90.gb","太空战斗机2","gb"
"00-GB","/roms/00-GB/91.gb","太空战士4","gb"
"00-GB","/roms/00-GB/92.gb","突击坦克 TRAX","gb"
"00-GB","/roms/00-GB/93.gb","吞食天地 三国英雄传","gb"
"00-GB","/roms/00-GB/94.gb","瓦里奥大战炸弹人","gb"
"00-GB","/roms/00-GB/95.gb","瓦力欧大陆1","gb"
"00-GB","/roms/00-GB/96.gb","巫术外传3","gb"
"00-GB","/roms/00-GB/97.gb","星之卡比1","gb"
"00-GB","/roms/00-GB/98.gb","星之卡比2","gb"
"00-GB","/roms/00-GB/99.gb","野球拳","gb"
"00-GB","/roms/00-GB/100.gb","异型战机1","gb"
"00-GB","/roms/00-GB/101.gb","异型战机2","gb"
"00-GB","/roms/00-GB/102.gb","宇宙巡航机1","gb"
"00-GB","/roms/00-GB/103.gb","宇宙巡航机2","gb"
"00-GB","/roms/00-GB/104.gb","元祖！快杰洋枪丸","gb"
"00-GB","/roms/00-GB/105.gb","原始人大进击","gb"
"00-GB","/roms/00-GB/106.gb","炸弹人","gb"
"00-GB","/roms/00-GB/107.gb","珍宝珠小子","gb"
"00-GB","/roms/00-GB/108.gb","终结者2","gb"
"00-GB","/roms/00-GB/109.gb","鬼神降临5 隐忍的继承者","gb"
"00-GB","/roms/00-GB/110.gb","风来西林 月影村的怪物","gb"
"01-GBC","/roms/01-GBC/1.gbc","3D口袋桌球","gbc"
"01-GBC","/roms/01-GBC/2.gbc","F1世界杯2","gbc"
"01-GBC","/roms/01-GBC/3.gbc","G&W集锦3","gbc"
"01-GBC","/roms/01-GBC/4.gbc","V拉力赛车99版","gbc"
"01-GBC","/roms/01-GBC/5.gbc","WWF狂热摔跤2000","gbc"
"01-GBC","/roms/01-GBC/6.gbc","奥运会","gbc"
"01-GBC","/roms/01-GBC/7.gbc","百战天虫","gbc"
"01-GBC","/roms/01-GBC/8.gbc","暴力摩托","gbc"
"01-GBC","/roms/01-GBC/9.gbc","爆走战记钢铁之友情","gbc"
"01-GBC","/roms/01-GBC/10.gbc","超惑星战记","gbc"
"01-GBC","/roms/01-GBC/11.gbc","超级机器人大战LB","gbc"
"01-GBC","/roms/01-GBC/12.gbc","超级马里奥1 色彩渲染版","gbc"
"01-GBC","/roms/01-GBC/13.gbc","超级马里奥2","gbc"
"01-GBC","/roms/01-GBC/14.gbc","超级马里奥Deluxe","gbc"
"01-GBC","/roms/01-GBC/15.gbc","超级马力欧网球","gbc"
"01-GBC","/roms/01-GBC/16.gbc","超级冒充者兄弟","gbc"
"01-GBC","/roms/01-GBC/17.gbc","达菲鸭致富记","gbc"
"01-GBC","/roms/01-GBC/18.gbc","大盗五右卫门 星空士登场","gbc"
"01-GBC","/roms/01-GBC/19.gbc","大力工头 阿源君 锤爆锤爆通通锤爆","gbc"
"01-GBC","/roms/01-GBC/20.gbc","刀锋战士","gbc"
"01-GBC","/roms/01-GBC/21.gbc","电梯大战EX","gbc"
"01-GBC","/roms/01-GBC/22.gbc","俄罗斯方块DX","gbc"
"01-GBC","/roms/01-GBC/23.gbc","恶魔城 月之轮回GBC版","gbc"
"01-GBC","/roms/01-GBC/24.gbc","翻转方块","gbc"
"01-GBC","/roms/01-GBC/25.gbc","飞龙之拳","gbc"
"01-GBC","/roms/01-GBC/26.gbc","飞龙之拳外传","gbc"
"01-GBC","/roms/01-GBC/27.gbc","风火轮","gbc"
"01-GBC","/roms/01-GBC/28.gbc","风来西林2 沙漠迷城","gbc"
"01-GBC","/roms/01-GBC/29.gbc","格兰蒂亚 平行的旅途","gbc"
"01-GBC","/roms/01-GBC/30.gbc","孤岛冒险者1","gbc"
"01-GBC","/roms/01-GBC/31.gbc","孤岛冒险者2","gbc"
"01-GBC","/roms/01-GBC/32.gbc","古墓丽影 噩梦之石","gbc"
"01-GBC","/roms/01-GBC/33.gbc","古墓丽影 剑之诅咒","gbc"
"01-GBC","/roms/01-GBC/34.gbc","怪物牧场探险家","gbc"
"01-GBC","/roms/01-GBC/35.gbc","硅谷太空站","gbc"
"01-GBC","/roms/01-GBC/36.gbc","鬼屋魔影","gbc"
"01-GBC","/roms/01-GBC/37.gbc","滚滚卡比","gbc"
"01-GBC","/roms/01-GBC/38.gbc","国际超级明星足球2000","gbc"
"01-GBC","/roms/01-GBC/39.gbc","海贼王 梦之路飞海贼团诞生","gbc"
"01-GBC","/roms/01-GBC/40.gbc","合金弹头","gbc"
"01-GBC","/roms/01-GBC/41.gbc","合金装备 幽灵通天塔","gbc"
"01-GBC","/roms/01-GBC/42.gbc","猴子拳击","gbc"
"01-GBC","/roms/01-GBC/43.gbc","幻想传说 换装迷宫","gbc"
"01-GBC","/roms/01-GBC/44.gbc","毁灭公爵","gbc"
"01-GBC","/roms/01-GBC/45.gbc","火焰之纹章外传 光与暗的轮回","gbc"
"01-GBC","/roms/01-GBC/46.gbc","极限运动","gbc"
"01-GBC","/roms/01-GBC/47.gbc","街头霸王ZERO","gbc"
"01-GBC","/roms/01-GBC/48.gbc","杰克龙1","gbc"
"01-GBC","/roms/01-GBC/49.gbc","杰克龙3","gbc"
"01-GBC","/roms/01-GBC/50.gbc","金田一少年事件簿10周年","gbc"
"01-GBC","/roms/01-GBC/51.gbc","金庸群侠传","gbc"
"01-GBC","/roms/01-GBC/52.gbc","劲舞革命GB1","gbc"
"01-GBC","/roms/01-GBC/53.gbc","劲舞革命GB2","gbc"
"01-GBC","/roms/01-GBC/54.gbc","劲舞革命GB3","gbc"
"01-GBC","/roms/01-GBC/55.gbc","空降区","gbc"
"01-GBC","/roms/01-GBC/56.gbc","恐龙猎人1","gbc"
"01-GBC","/roms/01-GBC/57.gbc","恐龙猎人2","gbc"
"01-GBC","/roms/01-GBC/58.gbc","恐龙猎人3","gbc"
"01-GBC","/roms/01-GBC/59.gbc","口袋赛车2","gbc"
"01-GBC","/roms/01-GBC/60.gbc","口袋上海","gbc"
"01-GBC","/roms/01-GBC/61.gbc","口袋妖怪 金","gbc"
"01-GBC","/roms/01-GBC/62.gbc","口袋妖怪 卡牌游戏2","gbc"
"01-GBC","/roms/01-GBC/63.gbc","口袋妖怪 水晶(内置金手指)二改","gbc"
"01-GBC","/roms/01-GBC/64.gbc","口袋妖怪 水晶(修改版)","gbc"
"01-GBC","/roms/01-GBC/65.gbc","口袋妖怪 水晶","gbc"
"01-GBC","/roms/01-GBC/66.gbc","口袋妖怪 银","gbc"
"01-GBC","/roms/01-GBC/67.gbc","口袋妖怪弹珠台","gbc"
"01-GBC","/roms/01-GBC/68.gbc","狂怒之翼","gbc"
"01-GBC","/roms/01-GBC/69.gbc","狂热节拍GB2 得手混音","gbc"
"01-GBC","/roms/01-GBC/70.gbc","蓝精灵的噩梦","gbc"
"01-GBC","/roms/01-GBC/71.gbc","乐高岛2","gbc"
"01-GBC","/roms/01-GBC/72.gbc","乐高赛车手","gbc"
"01-GBC","/roms/01-GBC/73.gbc","雷霆坦克","gbc"
"01-GBC","/roms/01-GBC/74.gbc","流行音乐GB 迪士尼专辑","gbc"
"01-GBC","/roms/01-GBC/75.gbc","罗宾汉","gbc"
"01-GBC","/roms/01-GBC/76.gbc","洛克人X1","gbc"
"01-GBC","/roms/01-GBC/77.gbc","洛克人X2","gbc"
"01-GBC","/roms/01-GBC/78.gbc","洛克人X3","gbc"
"01-GBC","/roms/01-GBC/79.gbc","洛克人X5","gbc"
"01-GBC","/roms/01-GBC/80.gbc","猫和老鼠 捕鼠猎人","gbc"
"01-GBC","/roms/01-GBC/81.gbc","猫和老鼠 杰瑞出击","gbc"
"01-GBC","/roms/01-GBC/82.gbc","美丽新世界","gbc"
"01-GBC","/roms/01-GBC/83.gbc","蒙特祖玛的归来","gbc"
"01-GBC","/roms/01-GBC/84.gbc","米老鼠的竞速冒险","gbc"
"01-GBC","/roms/01-GBC/85.gbc","米老鼠赛车","gbc"
"01-GBC","/roms/01-GBC/86.gbc","棉花小魔女","gbc"
"01-GBC","/roms/01-GBC/87.gbc","名侦探柯南 机关寺院杀人事件","gbc"
"01-GBC","/roms/01-GBC/88.gbc","魔法师梅林","gbc"
"01-GBC","/roms/01-GBC/89.gbc","魔界村","gbc"
"01-GBC","/roms/01-GBC/90.gbc","魔物之塔外传","gbc"
"01-GBC","/roms/01-GBC/91.gbc","牧场物语1","gbc"
"01-GBC","/roms/01-GBC/92.gbc","牧场物语2","gbc"
"01-GBC","/roms/01-GBC/93.gbc","牧场物语3","gbc"
"01-GBC","/roms/01-GBC/94.gbc","能量冲激","gbc"
"01-GBC","/roms/01-GBC/95.gbc","炮灰部队","gbc"
"01-GBC","/roms/01-GBC/96.gbc","霹雳酷乐猫1","gbc"
"01-GBC","/roms/01-GBC/97.gbc","霹雳酷乐猫2","gbc"
"01-GBC","/roms/01-GBC/98.gbc","前线 下一个任务","gbc"
"01-GBC","/roms/01-GBC/99.gbc","青蛙过河2","gbc"
"01-GBC","/roms/01-GBC/100.gbc","热斗 超能勇士","gbc"
"01-GBC","/roms/01-GBC/101.gbc","热斗 拳皇99","gbc"
"01-GBC","/roms/01-GBC/102.gbc","忍者时代","gbc"
"01-GBC","/roms/01-GBC/103.gbc","塞尔达传说 大地之章","gbc"
"01-GBC","/roms/01-GBC/104.gbc","塞尔达传说 梦见岛DX","gbc"
"01-GBC","/roms/01-GBC/105.gbc","塞尔达传说 时空之章","gbc"
"01-GBC","/roms/01-GBC/106.gbc","三国志 傲视天下","gbc"
"01-GBC","/roms/01-GBC/107.gbc","三国志2 彩色版","gbc"
"01-GBC","/roms/01-GBC/108.gbc","桑塔","gbc"
"01-GBC","/roms/01-GBC/109.gbc","生化危机 最终逃亡","gbc"
"01-GBC","/roms/01-GBC/110.gbc","生化危机","gbc"
"01-GBC","/roms/01-GBC/111.gbc","首都高赛车","gbc"
"01-GBC","/roms/01-GBC/112.gbc","水浒神兽","gbc"
"01-GBC","/roms/01-GBC/113.gbc","四狂神战记 传说再现","gbc"
"01-GBC","/roms/01-GBC/114.gbc","松鼠库克历险记","gbc"
"01-GBC","/roms/01-GBC/115.gbc","唐老鸭嘎嘎叫大冒险","gbc"
"01-GBC","/roms/01-GBC/116.gbc","吞食天地1 赤壁之战","gbc"
"01-GBC","/roms/01-GBC/117.gbc","吞食天地2 真三国无双","gbc"
"01-GBC","/roms/01-GBC/118.gbc","瓦力欧大陆2","gbc"
"01-GBC","/roms/01-GBC/119.gbc","瓦力欧大陆3","gbc"
"01-GBC","/roms/01-GBC/120.gbc","玩具大脚车竞速","gbc"
"01-GBC","/roms/01-GBC/121.gbc","微软游戏合集","gbc"
"01-GBC","/roms/01-GBC/122.gbc","微型机器1&2","gbc"
"01-GBC","/roms/01-GBC/123.gbc","温迪 每个女巫的路","gbc"
"01-GBC","/roms/01-GBC/124.gbc","巫术帝国 复活之杖","gbc"
"01-GBC","/roms/01-GBC/125.gbc","无赖战士","gbc"
"01-GBC","/roms/01-GBC/126.gbc","武士小子","gbc"
"01-GBC","/roms/01-GBC/127.gbc","希魔复活","gbc"
"01-GBC","/roms/01-GBC/128.gbc","仙剑奇侠传","gbc"
"01-GBC","/roms/01-GBC/129.gbc","小恶魔","gbc"
"01-GBC","/roms/01-GBC/130.gbc","小鸡快跑","gbc"
"01-GBC","/roms/01-GBC/131.gbc","小魔怪","gbc"
"01-GBC","/roms/01-GBC/132.gbc","小熊维尼和跳跳虎","gbc"
"01-GBC","/roms/01-GBC/133.gbc","携带电兽 力量版","gbc"
"01-GBC","/roms/01-GBC/134.gbc","携带电兽 速度版","gbc"
"01-GBC","/roms/01-GBC/135.gbc","心跳回忆 旋律篇","gbc"
"01-GBC","/roms/01-GBC/136.gbc","心跳回忆 运动篇","gbc"
"01-GBC","/roms/01-GBC/137.gbc","辛普森一家 万圣节恐怖树屋","gbc"
"01-GBC","/roms/01-GBC/138.gbc","星海传说","gbc"
"01-GBC","/roms/01-GBC/139.gbc","星球大战1 竞速","gbc"
"01-GBC","/roms/01-GBC/140.gbc","星之卡比1 彩色修复版","gbc"
"01-GBC","/roms/01-GBC/141.gbc","幸运的卢克","gbc"
"01-GBC","/roms/01-GBC/142.gbc","异型战机DX","gbc"
"01-GBC","/roms/01-GBC/143.gbc","银河战士2","gbc"
"01-GBC","/roms/01-GBC/144.gbc","英雄无敌1","gbc"
"01-GBC","/roms/01-GBC/145.gbc","英雄无敌2","gbc"
"01-GBC","/roms/01-GBC/146.gbc","樱花大战 檄 花组入队!","gbc"
"01-GBC","/roms/01-GBC/147.gbc","勇者斗恶龙 怪兽篇1","gbc"
"01-GBC","/roms/01-GBC/148.gbc","勇者斗恶龙 怪兽篇2","gbc"
"01-GBC","/roms/01-GBC/149.gbc","勇者斗恶龙III","gbc"
"01-GBC","/roms/01-GBC/150.gbc","游戏王 怪兽胶囊","gbc"
"01-GBC","/roms/01-GBC/151.gbc","游戏王3 三圣战神降临","gbc"
"01-GBC","/roms/01-GBC/152.gbc","游戏王4 最强决斗者战记 城之内篇","gbc"
"01-GBC","/roms/01-GBC/153.gbc","游戏王4 最强决斗者战记 海马篇","gbc"
"01-GBC","/roms/01-GBC/154.gbc","游戏王4 最强决斗者战记 游戏篇","gbc"
"01-GBC","/roms/01-GBC/155.gbc","炸弹人MAX 暗之战士","gbc"
"01-GBC","/roms/01-GBC/156.gbc","炸弹人MAX 光之勇者","gbc"
"01-GBC","/roms/01-GBC/157.gbc","炸弹人口袋版","gbc"
"01-GBC","/roms/01-GBC/158.gbc","真女神转生恶魔之子 白之书","gbc"
"01-GBC","/roms/01-GBC/159.gbc","真女神转生恶魔之子 黑之书","gbc"
"01-GBC","/roms/01-GBC/160.gbc","真女神转生恶魔之子 红之书","gbc"
"01-GBC","/roms/01-GBC/161.gbc","指轮传奇","gbc"
"01-GBC","/roms/01-GBC/162.gbc","重装机兵","gbc"
"01-GBC","/roms/01-GBC/163.gbc","追踪H.Q. 秘密警察","gbc"
"01-GBC","/roms/01-GBC/164.gbc","啄木鸟伍迪赛车","gbc"
"01-GBC","/roms/01-GBC/165.gbc","自由式越野狂飙","gbc"
"02-GBA","/roms/02-GBA/1.gba","CT特种部队1","gba"
"02-GBA","/roms/02-GBA/2.gba","CT特种部队2","gba"
"02-GBA","/roms/02-GBA/3.gba","CT特种部队3","gba"
"02-GBA","/roms/02-GBA/4.gba","F1 2002","gba"
"02-GBA","/roms/02-GBA/5.gba","F-Zero 巅峰之战","gba"
"02-GBA","/roms/02-GBA/6.gba","GT3锦标赛","gba"
"02-GBA","/roms/02-GBA/7.gba","RPG制造","gba"
"02-GBA","/roms/02-GBA/8.gba","SD高达 G世纪","gba"
"02-GBA","/roms/02-GBA/9.gba","SD高达 力量","gba"
"02-GBA","/roms/02-GBA/10.gba","V拉力赛车3","gba"
"02-GBA","/roms/02-GBA/11.gba","Z.O.E.星域毁灭者 2173","gba"
"02-GBA","/roms/02-GBA/12.gba","阿滋漫画大王","gba"
"02-GBA","/roms/02-GBA/13.gba","艾莉与安丝的炼金工房","gba"
"02-GBA","/roms/02-GBA/14.gba","奥特曼警备队","gba"
"02-GBA","/roms/02-GBA/15.gba","班卓卡祖伊格兰蒂的复仇","gba"
"02-GBA","/roms/02-GBA/16.gba","宝贝龙 阴谋的本质与橙色古惑狼","gba"
"02-GBA","/roms/02-GBA/17.gba","暴力摩托","gba"
"02-GBA","/roms/02-GBA/18.gba","爆转陀螺 G点旋转","gba"
"02-GBA","/roms/02-GBA/19.gba","爆转陀螺","gba"
"02-GBA","/roms/02-GBA/20.gba","冰河世纪","gba"
"02-GBA","/roms/02-GBA/21.gba","波斯王子 时之沙","gba"
"02-GBA","/roms/02-GBA/22.gba","博德之门 黑暗联盟","gba"
"02-GBA","/roms/02-GBA/23.gba","彩虹六号","gba"
"02-GBA","/roms/02-GBA/24.gba","仓鼠天堂","gba"
"02-GBA","/roms/02-GBA/25.gba","超级躲避球","gba"
"02-GBA","/roms/02-GBA/26.gba","超级方块战士2","gba"
"02-GBA","/roms/02-GBA/27.gba","超级猴子球","gba"
"02-GBA","/roms/02-GBA/28.gba","超级火枪英雄","gba"
"02-GBA","/roms/02-GBA/29.gba","超级机器人大战A","gba"
"02-GBA","/roms/02-GBA/30.gba","超级机器人大战D","gba"
"02-GBA","/roms/02-GBA/31.gba","超级机器人大战J","gba"
"02-GBA","/roms/02-GBA/32.gba","超级机器人大战OG1","gba"
"02-GBA","/roms/02-GBA/33.gba","超级机器人大战OG2","gba"
"02-GBA","/roms/02-GBA/34.gba","超级机器人大战R","gba"
"02-GBA","/roms/02-GBA/35.gba","超级街头霸王2X","gba"
"02-GBA","/roms/02-GBA/36.gba","超级马里奥A1","gba"
"02-GBA","/roms/02-GBA/37.gba","超级马里奥A2","gba"
"02-GBA","/roms/02-GBA/38.gba","超级马里奥A3","gba"
"02-GBA","/roms/02-GBA/39.gba","超级马里奥A4","gba"
"02-GBA","/roms/02-GBA/40.gba","超级马里奥弹珠台","gba"
"02-GBA","/roms/02-GBA/41.gba","超级马里奥对大金刚","gba"
"02-GBA","/roms/02-GBA/42.gba","超级忍 复仇","gba"
"02-GBA","/roms/02-GBA/43.gba","超魔界村R","gba"
"02-GBA","/roms/02-GBA/44.gba","超人特攻队","gba"
"02-GBA","/roms/02-GBA/45.gba","超写真麻雀同窗会","gba"
"02-GBA","/roms/02-GBA/46.gba","车神3","gba"
"02-GBA","/roms/02-GBA/47.gba","沉默的狙击手","gba"
"02-GBA","/roms/02-GBA/48.gba","沉默的遗迹 四狂神战记","gba"
"02-GBA","/roms/02-GBA/49.gba","吃豆人精选集","gba"
"02-GBA","/roms/02-GBA/50.gba","吃豆小精灵世界","gba"
"02-GBA","/roms/02-GBA/51.gba","充填方块","gba"
"02-GBA","/roms/02-GBA/52.gba","纯情房东俏房客","gba"
"02-GBA","/roms/02-GBA/53.gba","打开天堂大门","gba"
"02-GBA","/roms/02-GBA/54.gba","打野鸡","gba"
"02-GBA","/roms/02-GBA/55.gba","大盗伍佑卫门 新世代出动","gba"
"02-GBA","/roms/02-GBA/56.gba","大金刚 摇摆之王","gba"
"02-GBA","/roms/02-GBA/57.gba","大战略GBA","gba"
"02-GBA","/roms/02-GBA/58.gba","地球冒险1+2","gba"
"02-GBA","/roms/02-GBA/59.gba","地球冒险3","gba"
"02-GBA","/roms/02-GBA/60.gba","迪士尼 全明星体育系列之摩托车","gba"
"02-GBA","/roms/02-GBA/61.gba","迪士尼 星际宝贝","gba"
"02-GBA","/roms/02-GBA/62.gba","第一神拳 格斗赛","gba"
"02-GBA","/roms/02-GBA/63.gba","电梯大战","gba"
"02-GBA","/roms/02-GBA/64.gba","动物管理员","gba"
"02-GBA","/roms/02-GBA/65.gba","动物横町 心跳心跳救出大作战","gba"
"02-GBA","/roms/02-GBA/66.gba","都市的雪人","gba"
"02-GBA","/roms/02-GBA/67.gba","断剑 圣堂武士之迷","gba"
"02-GBA","/roms/02-GBA/68.gba","多卡波王国Q","gba"
"02-GBA","/roms/02-GBA/69.gba","恶灵骑士","gba"
"02-GBA","/roms/02-GBA/70.gba","恶魔城 紫霞竞技长廊2 夜月终章曲1.1","gba"
"02-GBA","/roms/02-GBA/71.gba","恶魔城1 三饶传奇","gba"
"02-GBA","/roms/02-GBA/72.gba","恶魔城1 月之轮回","gba"
"02-GBA","/roms/02-GBA/73.gba","恶魔城2 白夜协奏曲","gba"
"02-GBA","/roms/02-GBA/74.gba","恶魔城3 玛利亚之章","gba"
"02-GBA","/roms/02-GBA/75.gba","恶魔城3 晓月圆舞曲","gba"
"02-GBA","/roms/02-GBA/76.gba","恶魔城3 晓月圆舞曲改版","gba"
"02-GBA","/roms/02-GBA/77.gba","番茄酱王国大冒险","gba"
"02-GBA","/roms/02-GBA/78.gba","范海辛","gba"
"02-GBA","/roms/02-GBA/79.gba","风之克罗诺亚1 梦之帝国","gba"
"02-GBA","/roms/02-GBA/80.gba","风之克罗诺亚2 梦之锦标赛","gba"
"02-GBA","/roms/02-GBA/81.gba","疯狂大脚车","gba"
"02-GBA","/roms/02-GBA/82.gba","疯狂驾驶员","gba"
"02-GBA","/roms/02-GBA/83.gba","蜂巢","gba"
"02-GBA","/roms/02-GBA/84.gba","钢铁帝国","gba"
"02-GBA","/roms/02-GBA/85.gba","钢之炼金术师 回忆之奏鸣曲","gba"
"02-GBA","/roms/02-GBA/86.gba","钢之炼金术师 迷走的轮舞曲","gba"
"02-GBA","/roms/02-GBA/87.gba","高达Seed Destiny","gba"
"02-GBA","/roms/02-GBA/88.gba","高达Seed 战场上的朋友与你","gba"
"02-GBA","/roms/02-GBA/89.gba","高达Seed 战斗突击","gba"
"02-GBA","/roms/02-GBA/90.gba","高级战争1","gba"
"02-GBA","/roms/02-GBA/91.gba","高级战争2 Sami强化版","gba"
"02-GBA","/roms/02-GBA/92.gba","高级战争2","gba"
"02-GBA","/roms/02-GBA/93.gba","高速改装赛车","gba"
"02-GBA","/roms/02-GBA/94.gba","公路之旅 变速齿轮","gba"
"02-GBA","/roms/02-GBA/95.gba","公主同盟","gba"
"02-GBA","/roms/02-GBA/96.gba","咕噜咕噜火箭","gba"
"02-GBA","/roms/02-GBA/97.gba","咕噜咕噜转转棒","gba"
"02-GBA","/roms/02-GBA/98.gba","古惑狼 暴跳的罗彼德与紫色宝贝龙","gba"
"02-GBA","/roms/02-GBA/99.gba","古惑狼 泰坦","gba"
"02-GBA","/roms/02-GBA/100.gba","古惑狼1","gba"
"02-GBA","/roms/02-GBA/101.gba","古惑狼2","gba"
"02-GBA","/roms/02-GBA/102.gba","古惑狼赛车","gba"
"02-GBA","/roms/02-GBA/103.gba","古墓丽影 初代移植版","gba"
"02-GBA","/roms/02-GBA/104.gba","古墓丽影 传奇","gba"
"02-GBA","/roms/02-GBA/105.gba","古墓丽影 预言","gba"
"02-GBA","/roms/02-GBA/106.gba","怪兽小屋","gba"
"02-GBA","/roms/02-GBA/107.gba","怪物牧场A","gba"
"02-GBA","/roms/02-GBA/108.gba","怪物牧场A2","gba"
"02-GBA","/roms/02-GBA/109.gba","怪物史莱克2","gba"
"02-GBA","/roms/02-GBA/110.gba","怪物守护者","gba"
"02-GBA","/roms/02-GBA/111.gba","怪物召唤士","gba"
"02-GBA","/roms/02-GBA/112.gba","光明与黑暗(光明力量)","gba"
"02-GBA","/roms/02-GBA/113.gba","光明之魂1","gba"
"02-GBA","/roms/02-GBA/114.gba","光明之魂2","gba"
"02-GBA","/roms/02-GBA/115.gba","鬼太郎 危机一发!","gba"
"02-GBA","/roms/02-GBA/116.gba","鬼武者战略版","gba"
"02-GBA","/roms/02-GBA/117.gba","鬼眼狂刀","gba"
"02-GBA","/roms/02-GBA/118.gba","哈利波特 阿兹卡班的囚徒","gba"
"02-GBA","/roms/02-GBA/119.gba","哈利波特 消失的密室","gba"
"02-GBA","/roms/02-GBA/120.gba","哈姆太郎4","gba"
"02-GBA","/roms/02-GBA/121.gba","海底总动员","gba"
"02-GBA","/roms/02-GBA/122.gba","海贼王 棒球进行曲","gba"
"02-GBA","/roms/02-GBA/123.gba","海贼王 目标!赏金之王","gba"
"02-GBA","/roms/02-GBA/124.gba","海贼王 少年jump","gba"
"02-GBA","/roms/02-GBA/125.gba","好狗狗星系","gba"
"02-GBA","/roms/02-GBA/126.gba","合金弹头","gba"
"02-GBA","/roms/02-GBA/127.gba","合金之枪","gba"
"02-GBA","/roms/02-GBA/128.gba","后院运动 篮球","gba"
"02-GBA","/roms/02-GBA/129.gba","花火大会","gba"
"02-GBA","/roms/02-GBA/130.gba","幻想传说","gba"
"02-GBA","/roms/02-GBA/131.gba","幻星神正义战士 地球的战士们","gba"
"02-GBA","/roms/02-GBA/132.gba","皇家骑士团外传","gba"
"02-GBA","/roms/02-GBA/133.gba","黄金太阳1 开启的封印","gba"
"02-GBA","/roms/02-GBA/134.gba","黄金太阳2 失落的时代","gba"
"02-GBA","/roms/02-GBA/135.gba","徽章战士 甲胄版","gba"
"02-GBA","/roms/02-GBA/136.gba","徽章战士 锹型虫版","gba"
"02-GBA","/roms/02-GBA/137.gba","毁灭战士","gba"
"02-GBA","/roms/02-GBA/138.gba","毁灭战士2","gba"
"02-GBA","/roms/02-GBA/139.gba","魂斗罗A","gba"
"02-GBA","/roms/02-GBA/140.gba","火炎职业摔跤","gba"
"02-GBA","/roms/02-GBA/141.gba","火焰 纹章 封印之剑","gba"
"02-GBA","/roms/02-GBA/142.gba","火焰 纹章 烈火之剑","gba"
"02-GBA","/roms/02-GBA/143.gba","火焰 纹章 圣魔之光石","gba"
"02-GBA","/roms/02-GBA/144.gba","火焰纹章 埃力格之枪","gba"
"02-GBA","/roms/02-GBA/145.gba","火焰纹章 暗黑龙重生","gba"
"02-GBA","/roms/02-GBA/146.gba","火焰纹章 奥莱西亚公主的重生之旅","gba"
"02-GBA","/roms/02-GBA/147.gba","火焰纹章 冰风烈焰","gba"
"02-GBA","/roms/02-GBA/148.gba","火焰纹章 苍炎之勇者+晓之女神","gba"
"02-GBA","/roms/02-GBA/149.gba","火焰纹章 沉重的王冠","gba"
"02-GBA","/roms/02-GBA/150.gba","火焰纹章 黑之牙","gba"
"02-GBA","/roms/02-GBA/151.gba","火焰纹章 回声 另一个英雄王","gba"
"02-GBA","/roms/02-GBA/152.gba","火焰纹章 僵尸道长","gba"
"02-GBA","/roms/02-GBA/153.gba","火焰纹章 救赎的火焰","gba"
"02-GBA","/roms/02-GBA/154.gba","火焰纹章 绝路","gba"
"02-GBA","/roms/02-GBA/155.gba","火焰纹章 铠甲的呼唤","gba"
"02-GBA","/roms/02-GBA/156.gba","火焰纹章 恐怖之森","gba"
"02-GBA","/roms/02-GBA/157.gba","火焰纹章 魔剑镇魂曲","gba"
"02-GBA","/roms/02-GBA/158.gba","火焰纹章 末世余烬","gba"
"02-GBA","/roms/02-GBA/159.gba","火焰纹章 神机军师","gba"
"02-GBA","/roms/02-GBA/160.gba","火焰纹章 神圣三重奏 最终之战","gba"
"02-GBA","/roms/02-GBA/161.gba","火焰纹章 圣邪之意志","gba"
"02-GBA","/roms/02-GBA/162.gba","火焰纹章 双面战争","gba"
"02-GBA","/roms/02-GBA/163.gba","火焰纹章 四国之王 王权覆灭","gba"
"02-GBA","/roms/02-GBA/164.gba","火焰纹章 四国之王","gba"
"02-GBA","/roms/02-GBA/165.gba","火焰纹章 天地之剑","gba"
"02-GBA","/roms/02-GBA/166.gba","火焰纹章 英雄之路 特别篇","gba"
"02-GBA","/roms/02-GBA/167.gba","火焰纹章 英雄之路 正篇","gba"
"02-GBA","/roms/02-GBA/168.gba","火焰纹章 正义与荣耀","gba"
"02-GBA","/roms/02-GBA/169.gba","火焰纹章 正义与荣耀外传 伊斯塔里亚冲突","gba"
"02-GBA","/roms/02-GBA/170.gba","火焰纹章 祝福之心","gba"
"02-GBA","/roms/02-GBA/171.gba","火焰纹章 最后的承诺","gba"
"02-GBA","/roms/02-GBA/172.gba","火焰纹章 最后的皇室","gba"
"02-GBA","/roms/02-GBA/173.gba","火影忍者 木叶战记","gba"
"02-GBA","/roms/02-GBA/174.gba","火影忍者 最强忍者大集合1","gba"
"02-GBA","/roms/02-GBA/175.gba","火影忍者 最强忍者大集合2","gba"
"02-GBA","/roms/02-GBA/176.gba","击倒王","gba"
"02-GBA","/roms/02-GBA/177.gba","机动人","gba"
"02-GBA","/roms/02-GBA/178.gba","机甲宝贝2 铃铛版","gba"
"02-GBA","/roms/02-GBA/179.gba","机甲宝贝2 十字版","gba"
"02-GBA","/roms/02-GBA/180.gba","机械化军队","gba"
"02-GBA","/roms/02-GBA/181.gba","机械兽新世纪","gba"
"02-GBA","/roms/02-GBA/182.gba","极品飞车10卡本峡谷","gba"
"02-GBA","/roms/02-GBA/183.gba","几何世代 点点潮流","gba"
"02-GBA","/roms/02-GBA/184.gba","几何世代 六角形针盘","gba"
"02-GBA","/roms/02-GBA/185.gba","几何世代 颜色方块","gba"
"02-GBA","/roms/02-GBA/186.gba","寂静岭","gba"
"02-GBA","/roms/02-GBA/187.gba","加勒比海盗2 亡者财宝","gba"
"02-GBA","/roms/02-GBA/188.gba","甲虫王者 迈上冠军之路","gba"
"02-GBA","/roms/02-GBA/189.gba","剑齿虎","gba"
"02-GBA","/roms/02-GBA/190.gba","降世神通 燃烧的大地","gba"
"02-GBA","/roms/02-GBA/191.gba","街头霸王 ZERO3","gba"
"02-GBA","/roms/02-GBA/192.gba","街头涂鸦","gba"
"02-GBA","/roms/02-GBA/193.gba","节奏天国","gba"
"02-GBA","/roms/02-GBA/194.gba","金童卡修","gba"
"02-GBA","/roms/02-GBA/195.gba","进化特区","gba"
"02-GBA","/roms/02-GBA/196.gba","禁货猎人 时空的冒险者","gba"
"02-GBA","/roms/02-GBA/197.gba","究极截拳道 金太郎的复仇","gba"
"02-GBA","/roms/02-GBA/198.gba","决斗！奥特曼英雄","gba"
"02-GBA","/roms/02-GBA/199.gba","空战神鹰2","gba"
"02-GBA","/roms/02-GBA/200.gba","恐龙猎人进化","gba"
"02-GBA","/roms/02-GBA/201.gba","口袋梦幻! 梦幻寻宝幸存挑战!","gba"
"02-GBA","/roms/02-GBA/202.gba","口袋实况棒球5","gba"
"02-GBA","/roms/02-GBA/203.gba","口袋妖怪 不可思议的迷宫","gba"
"02-GBA","/roms/02-GBA/204.gba","口袋妖怪 东方人形剧","gba"
"02-GBA","/roms/02-GBA/205.gba","口袋妖怪 红宝石","gba"
"02-GBA","/roms/02-GBA/206.gba","口袋妖怪 火红","gba"
"02-GBA","/roms/02-GBA/207.gba","口袋妖怪 剑盾v10.2 铠之孤岛&冠之雪原","gba"
"02-GBA","/roms/02-GBA/208.gba","口袋妖怪 究极绿宝石v5.4 虹之抹灭者","gba"
"02-GBA","/roms/02-GBA/209.gba","口袋妖怪 蓝宝石","gba"
"02-GBA","/roms/02-GBA/210.gba","口袋妖怪 绿宝石","gba"
"02-GBA","/roms/02-GBA/211.gba","口袋妖怪 梦想","gba"
"02-GBA","/roms/02-GBA/212.gba","口袋妖怪 漆黑的魅影 5.0EX+ BW","gba"
"02-GBA","/roms/02-GBA/213.gba","口袋妖怪 漆黑的魅影 5.0EX+ DP","gba"
"02-GBA","/roms/02-GBA/214.gba","口袋妖怪 去吧！皮卡丘","gba"
"02-GBA","/roms/02-GBA/215.gba","口袋妖怪 去吧！伊布","gba"
"02-GBA","/roms/02-GBA/216.gba","口袋妖怪 叶绿","gba"
"02-GBA","/roms/02-GBA/217.gba","口袋妖怪弹珠台 红宝石蓝宝石","gba"
"02-GBA","/roms/02-GBA/218.gba","快打旋风One","gba"
"02-GBA","/roms/02-GBA/219.gba","快乐小赛车","gba"
"02-GBA","/roms/02-GBA/220.gba","蜡笔小新1 电影王国大冒险","gba"
"02-GBA","/roms/02-GBA/221.gba","蜡笔小新2 食玩都大冒险","gba"
"02-GBA","/roms/02-GBA/222.gba","乐高生化战士 英雄","gba"
"02-GBA","/roms/02-GBA/223.gba","乐高星球大战1","gba"
"02-GBA","/roms/02-GBA/224.gba","乐高星球大战2","gba"
"02-GBA","/roms/02-GBA/225.gba","雷曼 疯兔","gba"
"02-GBA","/roms/02-GBA/226.gba","雷曼3","gba"
"02-GBA","/roms/02-GBA/227.gba","雷曼A","gba"
"02-GBA","/roms/02-GBA/228.gba","雷蒙斯尼奇的不幸历险","gba"
"02-GBA","/roms/02-GBA/229.gba","雷霆万钧","gba"
"02-GBA","/roms/02-GBA/230.gba","李小龙 英雄再现","gba"
"02-GBA","/roms/02-GBA/231.gba","烈火之炎","gba"
"02-GBA","/roms/02-GBA/232.gba","龙战士1","gba"
"02-GBA","/roms/02-GBA/233.gba","龙战士2","gba"
"02-GBA","/roms/02-GBA/234.gba","龙珠Z 布欧的愤怒","gba"
"02-GBA","/roms/02-GBA/235.gba","龙珠Z 舞空斗剧","gba"
"02-GBA","/roms/02-GBA/236.gba","龙珠Z 悟空的遗产2","gba"
"02-GBA","/roms/02-GBA/237.gba","龙珠大冒险","gba"
"02-GBA","/roms/02-GBA/238.gba","龙珠大冒险改版","gba"
"02-GBA","/roms/02-GBA/239.gba","陆行鸟大陆","gba"
"02-GBA","/roms/02-GBA/240.gba","露娜传说","gba"
"02-GBA","/roms/02-GBA/241.gba","螺旋破坏者","gba"
"02-GBA","/roms/02-GBA/242.gba","洛克人 EXE1","gba"
"02-GBA","/roms/02-GBA/243.gba","洛克人 EXE2","gba"
"02-GBA","/roms/02-GBA/244.gba","洛克人 EXE3 白","gba"
"02-GBA","/roms/02-GBA/245.gba","洛克人 EXE3 蓝","gba"
"02-GBA","/roms/02-GBA/246.gba","洛克人 EXE4 红日","gba"
"02-GBA","/roms/02-GBA/247.gba","洛克人 EXE4 蓝月","gba"
"02-GBA","/roms/02-GBA/248.gba","洛克人 EXE4.5 真实演习","gba"
"02-GBA","/roms/02-GBA/249.gba","洛克人 EXE5 布鲁斯之队","gba"
"02-GBA","/roms/02-GBA/250.gba","洛克人 EXE5 卡奈尔之队","gba"
"02-GBA","/roms/02-GBA/251.gba","洛克人 EXE6 凤凰对战","gba"
"02-GBA","/roms/02-GBA/252.gba","洛克人 EXE6 麒麟对战","gba"
"02-GBA","/roms/02-GBA/253.gba","洛克人 ZERO1","gba"
"02-GBA","/roms/02-GBA/254.gba","洛克人 ZERO2","gba"
"02-GBA","/roms/02-GBA/255.gba","洛克人 ZERO3","gba"
"02-GBA","/roms/02-GBA/256.gba","洛克人 ZERO4","gba"
"02-GBA","/roms/02-GBA/257.gba","洛克人与佛鲁迪","gba"
"02-GBA","/roms/02-GBA/258.gba","马达加斯加","gba"
"02-GBA","/roms/02-GBA/259.gba","马里奥高尔夫A","gba"
"02-GBA","/roms/02-GBA/260.gba","马里奥赛车","gba"
"02-GBA","/roms/02-GBA/261.gba","马里奥网球 力量之旅","gba"
"02-GBA","/roms/02-GBA/262.gba","马里奥与路易基RPG","gba"
"02-GBA","/roms/02-GBA/263.gba","美国龙 杰克龙","gba"
"02-GBA","/roms/02-GBA/264.gba","美丽新世界","gba"
"02-GBA","/roms/02-GBA/265.gba","妹妹公主","gba"
"02-GBA","/roms/02-GBA/266.gba","绵羊之心","gba"
"02-GBA","/roms/02-GBA/267.gba","名侦探柯南 被狙击的侦探","gba"
"02-GBA","/roms/02-GBA/268.gba","名侦探柯南 黎明之碑","gba"
"02-GBA","/roms/02-GBA/269.gba","模拟城市2000","gba"
"02-GBA","/roms/02-GBA/270.gba","模拟大楼","gba"
"02-GBA","/roms/02-GBA/271.gba","模拟人生 纯属意外","gba"
"02-GBA","/roms/02-GBA/272.gba","模拟市民 上流社会","gba"
"02-GBA","/roms/02-GBA/273.gba","魔法封神","gba"
"02-GBA","/roms/02-GBA/274.gba","魔法假期","gba"
"02-GBA","/roms/02-GBA/275.gba","魔法老师涅吉 课外授业2","gba"
"02-GBA","/roms/02-GBA/276.gba","魔法气泡","gba"
"02-GBA","/roms/02-GBA/277.gba","魔法元素","gba"
"02-GBA","/roms/02-GBA/278.gba","牧场物语 矿石镇的伙伴们 男孩篇","gba"
"02-GBA","/roms/02-GBA/279.gba","牧场物语 矿石镇的伙伴们 女孩篇","gba"
"02-GBA","/roms/02-GBA/280.gba","拿破仑","gba"
"02-GBA","/roms/02-GBA/281.gba","逆转裁判1","gba"
"02-GBA","/roms/02-GBA/282.gba","逆转裁判2","gba"
"02-GBA","/roms/02-GBA/283.gba","逆转裁判3","gba"
"02-GBA","/roms/02-GBA/284.gba","鸟人战队1 时空大作战","gba"
"02-GBA","/roms/02-GBA/285.gba","鸟人战队2 荒野力量","gba"
"02-GBA","/roms/02-GBA/286.gba","鸟人战队3 忍者风暴","gba"
"02-GBA","/roms/02-GBA/287.gba","鸟人战队4 巨龙雷鸣","gba"
"02-GBA","/roms/02-GBA/288.gba","鸟人战队5 金刚战士S.P.D","gba"
"02-GBA","/roms/02-GBA/289.gba","女神战士西雅","gba"
"02-GBA","/roms/02-GBA/290.gba","叛星 战略指令","gba"
"02-GBA","/roms/02-GBA/291.gba","奇奇怪界","gba"
"02-GBA","/roms/02-GBA/292.gba","棋魂","gba"
"02-GBA","/roms/02-GBA/293.gba","千年家族","gba"
"02-GBA","/roms/02-GBA/294.gba","侵略者","gba"
"02-GBA","/roms/02-GBA/295.gba","轻松玩欢乐足球","gba"
"02-GBA","/roms/02-GBA/296.gba","拳皇EX1","gba"
"02-GBA","/roms/02-GBA/297.gba","拳皇EX2","gba"
"02-GBA","/roms/02-GBA/298.gba","热血物语EX","gba"
"02-GBA","/roms/02-GBA/299.gba","热血物语EX加强版","gba"
"02-GBA","/roms/02-GBA/300.gba","人型电脑天使心","gba"
"02-GBA","/roms/02-GBA/301.gba","人鱼恋曲","gba"
"02-GBA","/roms/02-GBA/302.gba","人猿泰山之重返丛林","gba"
"02-GBA","/roms/02-GBA/303.gba","忍者神龟1","gba"
"02-GBA","/roms/02-GBA/304.gba","忍者神龟2","gba"
"02-GBA","/roms/02-GBA/305.gba","忍者刑警","gba"
"02-GBA","/roms/02-GBA/306.gba","荣誉勋章 地下抵抗","gba"
"02-GBA","/roms/02-GBA/307.gba","荣誉勋章 渗透者","gba"
"02-GBA","/roms/02-GBA/308.gba","融合方块","gba"
"02-GBA","/roms/02-GBA/309.gba","塞尔达传说 四支剑","gba"
"02-GBA","/roms/02-GBA/310.gba","塞尔达传说 缩小帽","gba"
"02-GBA","/roms/02-GBA/311.gba","三国志 孔明传","gba"
"02-GBA","/roms/02-GBA/312.gba","三国志 英杰传","gba"
"02-GBA","/roms/02-GBA/313.gba","三国志","gba"
"02-GBA","/roms/02-GBA/314.gba","森林寻宝历险记","gba"
"02-GBA","/roms/02-GBA/315.gba","闪灵二人组","gba"
"02-GBA","/roms/02-GBA/316.gba","上海","gba"
"02-GBA","/roms/02-GBA/317.gba","神奇四侠 霹雳火","gba"
"02-GBA","/roms/02-GBA/318.gba","神勇火星人 反冲大作战","gba"
"02-GBA","/roms/02-GBA/319.gba","圣诞夜惊魂","gba"
"02-GBA","/roms/02-GBA/320.gba","圣铠传说","gba"
"02-GBA","/roms/02-GBA/321.gba","圣石小子 光与暗的大决战","gba"
"02-GBA","/roms/02-GBA/322.gba","史酷比 原形毕露","gba"
"02-GBA","/roms/02-GBA/323.gba","世嘉街机游戏集锦","gba"
"02-GBA","/roms/02-GBA/324.gba","世界传说 换装迷宫2","gba"
"02-GBA","/roms/02-GBA/325.gba","世界传说 换装迷宫3","gba"
"02-GBA","/roms/02-GBA/326.gba","世界传说 召唤者的血统","gba"
"02-GBA","/roms/02-GBA/327.gba","守护英雄","gba"
"02-GBA","/roms/02-GBA/328.gba","兽王记 王国的守护者","gba"
"02-GBA","/roms/02-GBA/329.gba","蔬菜总动员 拉里男孩和坏苹果","gba"
"02-GBA","/roms/02-GBA/330.gba","数独","gba"
"02-GBA","/roms/02-GBA/331.gba","数码宝贝 战魂1","gba"
"02-GBA","/roms/02-GBA/332.gba","数码宝贝 战魂2","gba"
"02-GBA","/roms/02-GBA/333.gba","双截龙","gba"
"02-GBA","/roms/02-GBA/334.gba","双截龙改版","gba"
"02-GBA","/roms/02-GBA/335.gba","双刃","gba"
"02-GBA","/roms/02-GBA/336.gba","斯塔非的传说2","gba"
"02-GBA","/roms/02-GBA/337.gba","死神 血染尸魂界","gba"
"02-GBA","/roms/02-GBA/338.gba","死亡弹珠台","gba"
"02-GBA","/roms/02-GBA/339.gba","索尼克 A1","gba"
"02-GBA","/roms/02-GBA/340.gba","索尼克 A2","gba"
"02-GBA","/roms/02-GBA/341.gba","索尼克 A3","gba"
"02-GBA","/roms/02-GBA/342.gba","索尼克 战斗","gba"
"02-GBA","/roms/02-GBA/343.gba","塔克和符咒的神力","gba"
"02-GBA","/roms/02-GBA/344.gba","太空堡垒","gba"
"02-GBA","/roms/02-GBA/345.gba","太空频道5","gba"
"02-GBA","/roms/02-GBA/346.gba","太空战斗机R","gba"
"02-GBA","/roms/02-GBA/347.gba","泰思虎奇幻冒险2 丛林营救","gba"
"02-GBA","/roms/02-GBA/348.gba","桃太郎电铁G","gba"
"02-GBA","/roms/02-GBA/349.gba","淘金者","gba"
"02-GBA","/roms/02-GBA/350.gba","天外魔境 青天之外","gba"
"02-GBA","/roms/02-GBA/351.gba","铁臂阿童木","gba"
"02-GBA","/roms/02-GBA/352.gba","铁拳","gba"
"02-GBA","/roms/02-GBA/353.gba","通灵王 精神大师","gba"
"02-GBA","/roms/02-GBA/354.gba","通灵王 精神大师2","gba"
"02-GBA","/roms/02-GBA/355.gba","通勤一笔","gba"
"02-GBA","/roms/02-GBA/356.gba","兔宝宝大冒险 糟糕的梦","gba"
"02-GBA","/roms/02-GBA/357.gba","托尼霍克的职业滑板2","gba"
"02-GBA","/roms/02-GBA/358.gba","托尼霍克的职业滑板3","gba"
"02-GBA","/roms/02-GBA/359.gba","瓦里奥世界","gba"
"02-GBA","/roms/02-GBA/360.gba","瓦里奥制造","gba"
"02-GBA","/roms/02-GBA/361.gba","外星原始人","gba"
"02-GBA","/roms/02-GBA/362.gba","王国之心 记忆之链","gba"
"02-GBA","/roms/02-GBA/363.gba","网球王子 天才少年学院","gba"
"02-GBA","/roms/02-GBA/364.gba","网球王子2003 冰蓝","gba"
"02-GBA","/roms/02-GBA/365.gba","网球王子2003 火红","gba"
"02-GBA","/roms/02-GBA/366.gba","网球王子2004 光荣之金","gba"
"02-GBA","/roms/02-GBA/367.gba","网球王子2004 时尚之银","gba"
"02-GBA","/roms/02-GBA/368.gba","我们的太阳1","gba"
"02-GBA","/roms/02-GBA/369.gba","我们的太阳2 太阳少年加戈","gba"
"02-GBA","/roms/02-GBA/370.gba","我们的太阳3 逆袭的萨巴塔","gba"
"02-GBA","/roms/02-GBA/371.gba","我是航空管制员","gba"
"02-GBA","/roms/02-GBA/372.gba","卧虎藏龙","gba"
"02-GBA","/roms/02-GBA/373.gba","武器种族传说 被封印的诗歌","gba"
"02-GBA","/roms/02-GBA/374.gba","舞之刃 闪光","gba"
"02-GBA","/roms/02-GBA/375.gba","西格马星际传奇","gba"
"02-GBA","/roms/02-GBA/376.gba","细胞分裂 明日潘多拉","gba"
"02-GBA","/roms/02-GBA/377.gba","细胞分裂","gba"
"02-GBA","/roms/02-GBA/378.gba","侠盗猎车手A","gba"
"02-GBA","/roms/02-GBA/379.gba","限制级特工","gba"
"02-GBA","/roms/02-GBA/380.gba","小龙斯派罗1 冰冻的季节","gba"
"02-GBA","/roms/02-GBA/381.gba","小龙斯派罗2 火焰的季节","gba"
"02-GBA","/roms/02-GBA/382.gba","小龙斯派罗传说 新的开始","gba"
"02-GBA","/roms/02-GBA/383.gba","携带电兽2 力量版","gba"
"02-GBA","/roms/02-GBA/384.gba","携带电兽2 速度版","gba"
"02-GBA","/roms/02-GBA/385.gba","心跳烹饪系列2","gba"
"02-GBA","/roms/02-GBA/386.gba","辛普森之愤怒大道","gba"
"02-GBA","/roms/02-GBA/387.gba","新约圣剑传说","gba"
"02-GBA","/roms/02-GBA/388.gba","信长异闻录","gba"
"02-GBA","/roms/02-GBA/389.gba","星光魔法使","gba"
"02-GBA","/roms/02-GBA/390.gba","星际传送者","gba"
"02-GBA","/roms/02-GBA/391.gba","星战前传 新帝国军队","gba"
"02-GBA","/roms/02-GBA/392.gba","星战前传III 西斯的复仇","gba"
"02-GBA","/roms/02-GBA/393.gba","星之卡比1 梦之泉","gba"
"02-GBA","/roms/02-GBA/394.gba","星之卡比2 镜之大迷宫","gba"
"02-GBA","/roms/02-GBA/395.gba","幸运的卢克 通缉犯","gba"
"02-GBA","/roms/02-GBA/396.gba","虚拟网球","gba"
"02-GBA","/roms/02-GBA/397.gba","旋风特务 风暴突击者","gba"
"02-GBA","/roms/02-GBA/398.gba","旋转瓦里奥","gba"
"02-GBA","/roms/02-GBA/399.gba","眼镜君 让你喷饭","gba"
"02-GBA","/roms/02-GBA/400.gba","摇滚小姐妹","gba"
"02-GBA","/roms/02-GBA/401.gba","耀西的万有引力","gba"
"02-GBA","/roms/02-GBA/402.gba","伊登战机1","gba"
"02-GBA","/roms/02-GBA/403.gba","伊登战机2","gba"
"02-GBA","/roms/02-GBA/404.gba","异次元敌人","gba"
"02-GBA","/roms/02-GBA/405.gba","异形战机3","gba"
"02-GBA","/roms/02-GBA/406.gba","银河战机","gba"
"02-GBA","/roms/02-GBA/407.gba","银河战士 幽灵任务2 圣诞夜惊魂","gba"
"02-GBA","/roms/02-GBA/408.gba","银河战士1 融合","gba"
"02-GBA","/roms/02-GBA/409.gba","银河战士2 零点任务","gba"
"02-GBA","/roms/02-GBA/410.gba","勇者斗恶龙 旅团之心","gba"
"02-GBA","/roms/02-GBA/411.gba","勇者斗恶龙外传 特鲁内克大冒险2","gba"
"02-GBA","/roms/02-GBA/412.gba","勇者斗恶龙外传 特鲁内克大冒险3","gba"
"02-GBA","/roms/02-GBA/413.gba","勇者斗恶龙之元气史莱姆 冲击的尾巴团","gba"
"02-GBA","/roms/02-GBA/414.gba","幽灵陷阱","gba"
"02-GBA","/roms/02-GBA/415.gba","游戏王! 怪兽决斗8","gba"
"02-GBA","/roms/02-GBA/416.gba","游戏王! 怪兽决斗EX2","gba"
"02-GBA","/roms/02-GBA/417.gba","游戏王! 怪兽决斗EX3","gba"
"02-GBA","/roms/02-GBA/418.gba","游戏王! 怪兽决斗EX2006","gba"
"02-GBA","/roms/02-GBA/419.gba","游戏王! 怪兽决斗GX","gba"
"02-GBA","/roms/02-GBA/420.gba","游戏王! 怪兽决斗国际版2","gba"
"02-GBA","/roms/02-GBA/421.gba","友情足球4v4","gba"
"02-GBA","/roms/02-GBA/422.gba","宇宙大作战","gba"
"02-GBA","/roms/02-GBA/423.gba","宇宙巡航机","gba"
"02-GBA","/roms/02-GBA/424.gba","原始人大进击","gba"
"02-GBA","/roms/02-GBA/425.gba","约束之地 利维艾拉","gba"
"02-GBA","/roms/02-GBA/426.gba","越野摩托车A","gba"
"02-GBA","/roms/02-GBA/427.gba","炸弹人 Max2","gba"
"02-GBA","/roms/02-GBA/428.gba","炸弹人传说","gba"
"02-GBA","/roms/02-GBA/429.gba","炸弹人杰特斯","gba"
"02-GBA","/roms/02-GBA/430.gba","战斗赛车","gba"
"02-GBA","/roms/02-GBA/431.gba","战国革命外传","gba"
"02-GBA","/roms/02-GBA/432.gba","召唤之夜 铸剑物语1","gba"
"02-GBA","/roms/02-GBA/433.gba","召唤之夜 铸剑物语2","gba"
"02-GBA","/roms/02-GBA/434.gba","召唤之夜 铸剑物语3","gba"
"02-GBA","/roms/02-GBA/435.gba","侦探神宫寺三郎 白影少女","gba"
"02-GBA","/roms/02-GBA/436.gba","侦探学园Q 挑战究极诡计","gba"
"02-GBA","/roms/02-GBA/437.gba","真女神转生","gba"
"02-GBA","/roms/02-GBA/438.gba","真人快打 致命联盟","gba"
"02-GBA","/roms/02-GBA/439.gba","真三国无双A","gba"
"02-GBA","/roms/02-GBA/440.gba","正邪幻想史Zero","gba"
"02-GBA","/roms/02-GBA/441.gba","正义联盟 闪电侠","gba"
"02-GBA","/roms/02-GBA/442.gba","蜘蛛侠1 密斯特里奥的威胁","gba"
"02-GBA","/roms/02-GBA/443.gba","蜘蛛侠2 纽约之战","gba"
"02-GBA","/roms/02-GBA/444.gba","植木的法则","gba"
"02-GBA","/roms/02-GBA/445.gba","指环王 双塔奇兵","gba"
"02-GBA","/roms/02-GBA/446.gba","指环王 王者归来","gba"
"02-GBA","/roms/02-GBA/447.gba","终极沙滩足球","gba"
"02-GBA","/roms/02-GBA/448.gba","终极蜘蛛侠","gba"
"02-GBA","/roms/02-GBA/449.gba","重装机兵2 改","gba"
"02-GBA","/roms/02-GBA/450.gba","重装骑士","gba"
"02-GBA","/roms/02-GBA/451.gba","侏罗纪公园3","gba"
"02-GBA","/roms/02-GBA/452.gba","壮志凌云 烈火风暴A","gba"
"02-GBA","/roms/02-GBA/453.gba","钻地小子2","gba"
"02-GBA","/roms/02-GBA/454.gba","钻地小子A","gba"
"02-GBA","/roms/02-GBA/455.gba","最终幻想1+2","gba"
"02-GBA","/roms/02-GBA/456.gba","最终幻想4","gba"
"02-GBA","/roms/02-GBA/457.gba","最终幻想5","gba"
"02-GBA","/roms/02-GBA/458.gba","最终幻想6","gba"
"02-GBA","/roms/02-GBA/459.gba","最终幻想战略版A","gba"
"03-FC Hack","/roms/03-FC Hack/1.nes","1943","nes"
"03-FC Hack","/roms/03-FC Hack/2.nes","1943汉化版","nes"
"03-FC Hack","/roms/03-FC Hack/3.nes","1944","nes"
"03-FC Hack","/roms/03-FC Hack/4.nes","1945","nes"
"03-FC Hack","/roms/03-FC Hack/5.nes","B计划","nes"
"03-FC Hack","/roms/03-FC Hack/6.nes","FC原人","nes"
"03-FC Hack","/roms/03-FC Hack/7.nes","JUJU传说","nes"
"03-FC Hack","/roms/03-FC Hack/8.nes","MD超级忍2","nes"
"03-FC Hack","/roms/03-FC Hack/9.nes","Q版沙罗曼蛇","nes"
"03-FC Hack","/roms/03-FC Hack/10.nes","SD英雄总决战","nes"
"03-FC Hack","/roms/03-FC Hack/11.nes","阿贝道X","nes"
"03-FC Hack","/roms/03-FC Hack/12.nes","阿尔戈斯战士","nes"
"03-FC Hack","/roms/03-FC Hack/13.nes","阿拉丁","nes"
"03-FC Hack","/roms/03-FC Hack/14.nes","暴坊天狗","nes"
"03-FC Hack","/roms/03-FC Hack/15.nes","北斗神拳2","nes"
"03-FC Hack","/roms/03-FC Hack/16.nes","蝙蝠侠1超级版","nes"
"03-FC Hack","/roms/03-FC Hack/17.nes","蝙蝠侠2","nes"
"03-FC Hack","/roms/03-FC Hack/18.nes","蝙蝠侠3","nes"
"03-FC Hack","/roms/03-FC Hack/19.nes","兵蜂1","nes"
"03-FC Hack","/roms/03-FC Hack/20.nes","兵蜂2","nes"
"03-FC Hack","/roms/03-FC Hack/21.nes","兵蜂3","nes"
"03-FC Hack","/roms/03-FC Hack/22.nes","彩虹岛","nes"
"03-FC Hack","/roms/03-FC Hack/23.nes","超惑星战记","nes"
"03-FC Hack","/roms/03-FC Hack/24.nes","超级阿拉伯人","nes"
"03-FC Hack","/roms/03-FC Hack/25.nes","超级间谍猎人","nes"
"03-FC Hack","/roms/03-FC Hack/26.nes","超级马里奥1超级版","nes"
"03-FC Hack","/roms/03-FC Hack/27.nes","超级马里奥1汉化版","nes"
"03-FC Hack","/roms/03-FC Hack/28.nes","超级马里奥1闪光无敌","nes"
"03-FC Hack","/roms/03-FC Hack/29.nes","超级马里奥2美版强化1","nes"
"03-FC Hack","/roms/03-FC Hack/30.nes","超级马里奥2美版强化2","nes"
"03-FC Hack","/roms/03-FC Hack/31.nes","超级马里奥3汉化版","nes"
"03-FC Hack","/roms/03-FC Hack/32.nes","超级马里奥3换装超级版","nes"
"03-FC Hack","/roms/03-FC Hack/33.nes","超级马里奥3可视化调宝","nes"
"03-FC Hack","/roms/03-FC Hack/34.nes","超级马里奥水管工","nes"
"03-FC Hack","/roms/03-FC Hack/35.nes","超级马里奥水管工汉化版","nes"
"03-FC Hack","/roms/03-FC Hack/36.nes","超级婴儿","nes"
"03-FC Hack","/roms/03-FC Hack/37.nes","超狼人战记","nes"
"03-FC Hack","/roms/03-FC Hack/38.nes","超时空要塞","nes"
"03-FC Hack","/roms/03-FC Hack/39.nes","成龙踢馆1","nes"
"03-FC Hack","/roms/03-FC Hack/40.nes","成龙踢馆2","nes"
"03-FC Hack","/roms/03-FC Hack/41.nes","成龙之龙","nes"
"03-FC Hack","/roms/03-FC Hack/42.nes","成龙之龙汉化版","nes"
"03-FC Hack","/roms/03-FC Hack/43.nes","惩罚者","nes"
"03-FC Hack","/roms/03-FC Hack/44.nes","吃豆人","nes"
"03-FC Hack","/roms/03-FC Hack/45.nes","赤色要塞EX","nes"
"03-FC Hack","/roms/03-FC Hack/46.nes","赤色要塞汉化版","nes"
"03-FC Hack","/roms/03-FC Hack/47.nes","赤色要塞可视化","nes"
"03-FC Hack","/roms/03-FC Hack/48.nes","赤色要塞士兵","nes"
"03-FC Hack","/roms/03-FC Hack/49.NES","赤色要塞坦克版","NES"
"03-FC Hack","/roms/03-FC Hack/50.nes","赤影战士可视化","nes"
"03-FC Hack","/roms/03-FC Hack/51.nes","丛林王子","nes"
"03-FC Hack","/roms/03-FC Hack/52.nes","打空气","nes"
"03-FC Hack","/roms/03-FC Hack/53.nes","打砖块","nes"
"03-FC Hack","/roms/03-FC Hack/54.nes","打砖块汉化版","nes"
"03-FC Hack","/roms/03-FC Hack/55.nes","大金刚1","nes"
"03-FC Hack","/roms/03-FC Hack/56.nes","大金刚1汉化版","nes"
"03-FC Hack","/roms/03-FC Hack/57.nes","大金刚2","nes"
"03-FC Hack","/roms/03-FC Hack/58.nes","大金刚2汉化版","nes"
"03-FC Hack","/roms/03-FC Hack/59.nes","大金刚3","nes"
"03-FC Hack","/roms/03-FC Hack/60.nes","大金刚3汉化版","nes"
"03-FC Hack","/roms/03-FC Hack/61.nes","大力工头阿源君1","nes"
"03-FC Hack","/roms/03-FC Hack/62.nes","大力水手","nes"
"03-FC Hack","/roms/03-FC Hack/63.nes","大蜜蜂","nes"
"03-FC Hack","/roms/03-FC Hack/64.nes","大蜜蜂无敌汉化版","nes"
"03-FC Hack","/roms/03-FC Hack/65.nes","大蜜蜂无限命汉化版","nes"
"03-FC Hack","/roms/03-FC Hack/66.nes","大坦克","nes"
"03-FC Hack","/roms/03-FC Hack/67.nes","盗帅","nes"
"03-FC Hack","/roms/03-FC Hack/68.nes","地底探险","nes"
"03-FC Hack","/roms/03-FC Hack/69.nes","地球超人","nes"
"03-FC Hack","/roms/03-FC Hack/70.nes","地狱极乐丸","nes"
"03-FC Hack","/roms/03-FC Hack/71.nes","帝国战机","nes"
"03-FC Hack","/roms/03-FC Hack/72.nes","帝国战机汉化版","nes"
"03-FC Hack","/roms/03-FC Hack/73.nes","第一滴血","nes"
"03-FC Hack","/roms/03-FC Hack/74.nes","斗者挽歌","nes"
"03-FC Hack","/roms/03-FC Hack/75.nes","哆啦A梦","nes"
"03-FC Hack","/roms/03-FC Hack/76.nes","恶魔城1","nes"
"03-FC Hack","/roms/03-FC Hack/77.nes","恶魔城1可视化","nes"
"03-FC Hack","/roms/03-FC Hack/78.nes","恶魔城2","nes"
"03-FC Hack","/roms/03-FC Hack/79.nes","恶魔城3","nes"
"03-FC Hack","/roms/03-FC Hack/80.nes","恶魔城外传 王子传奇","nes"
"03-FC Hack","/roms/03-FC Hack/81.nes","鳄鱼先生","nes"
"03-FC Hack","/roms/03-FC Hack/82.nes","菲力克斯猫","nes"
"03-FC Hack","/roms/03-FC Hack/83.nes","封神榜","nes"
"03-FC Hack","/roms/03-FC Hack/84.nes","斧王","nes"
"03-FC Hack","/roms/03-FC Hack/85.nes","斧王汉化版","nes"
"03-FC Hack","/roms/03-FC Hack/86.nes","工人战记","nes"
"03-FC Hack","/roms/03-FC Hack/87.nes","古巴英雄","nes"
"03-FC Hack","/roms/03-FC Hack/88.nes","古巴英雄汉化版","nes"
"03-FC Hack","/roms/03-FC Hack/89.nes","怪鸭历险记1","nes"
"03-FC Hack","/roms/03-FC Hack/90.nes","怪鸭历险记2","nes"
"03-FC Hack","/roms/03-FC Hack/91.nes","鬼屋冒险","nes"
"03-FC Hack","/roms/03-FC Hack/92.nes","航空小英雄1","nes"
"03-FC Hack","/roms/03-FC Hack/93.nes","航空小英雄2","nes"
"03-FC Hack","/roms/03-FC Hack/94.nes","合金风暴","nes"
"03-FC Hack","/roms/03-FC Hack/95.nes","合金装备1","nes"
"03-FC Hack","/roms/03-FC Hack/96.nes","合金装备2","nes"
"03-FC Hack","/roms/03-FC Hack/97.nes","虎胆妙算","nes"
"03-FC Hack","/roms/03-FC Hack/98.nes","花式撞球汉化版","nes"
"03-FC Hack","/roms/03-FC Hack/99.nes","花式撞球随意摆球","nes"
"03-FC Hack","/roms/03-FC Hack/100.nes","花式撞球无限杆","nes"
"03-FC Hack","/roms/03-FC Hack/101.nes","欢乐碰碰车","nes"
"03-FC Hack","/roms/03-FC Hack/102.nes","荒野大镖客汉化版","nes"
"03-FC Hack","/roms/03-FC Hack/103.nes","荒野大镖客无敌","nes"
"03-FC Hack","/roms/03-FC Hack/104.nes","荒野大镖客无限弹","nes"
"03-FC Hack","/roms/03-FC Hack/105.nes","魂斗罗1红隼的复仇","nes"
"03-FC Hack","/roms/03-FC Hack/106.nes","魂斗罗1可视化","nes"
"03-FC Hack","/roms/03-FC Hack/107.nes","魂斗罗2可视化","nes"
"03-FC Hack","/roms/03-FC Hack/108.nes","魂斗罗3力量","nes"
"03-FC Hack","/roms/03-FC Hack/109.nes","魂斗罗3力量汉化版","nes"
"03-FC Hack","/roms/03-FC Hack/110.nes","魂斗罗7超级战魂","nes"
"03-FC Hack","/roms/03-FC Hack/111.nes","火凤凰","nes"
"03-FC Hack","/roms/03-FC Hack/112.nes","火箭车暴走卡车","nes"
"03-FC Hack","/roms/03-FC Hack/113.nes","火箭车汉化版","nes"
"03-FC Hack","/roms/03-FC Hack/114.nes","火箭车无敌","nes"
"03-FC Hack","/roms/03-FC Hack/115.nes","火炮","nes"
"03-FC Hack","/roms/03-FC Hack/116.nes","火焰纹章1","nes"
"03-FC Hack","/roms/03-FC Hack/117.nes","火焰纹章外传","nes"
"03-FC Hack","/roms/03-FC Hack/118.nes","火之鸟","nes"
"03-FC Hack","/roms/03-FC Hack/119.nes","惑星戒严令汉化版","nes"
"03-FC Hack","/roms/03-FC Hack/120.nes","机器人战争","nes"
"03-FC Hack","/roms/03-FC Hack/121.nes","机械战警1","nes"
"03-FC Hack","/roms/03-FC Hack/122.nes","机械战警2","nes"
"03-FC Hack","/roms/03-FC Hack/123.nes","机械战警3","nes"
"03-FC Hack","/roms/03-FC Hack/124.nes","吉米克","nes"
"03-FC Hack","/roms/03-FC Hack/125.nes","加纳战机","nes"
"03-FC Hack","/roms/03-FC Hack/126.nes","加纳战机汉化版","nes"
"03-FC Hack","/roms/03-FC Hack/127.nes","加其夫天国与地狱","nes"
"03-FC Hack","/roms/03-FC Hack/128.nes","加州提子","nes"
"03-FC Hack","/roms/03-FC Hack/129.nes","嘉蒂外传","nes"
"03-FC Hack","/roms/03-FC Hack/130.nes","假面忍者赤影","nes"
"03-FC Hack","/roms/03-FC Hack/131.nes","假面忍者花丸","nes"
"03-FC Hack","/roms/03-FC Hack/132.nes","剑王","nes"
"03-FC Hack","/roms/03-FC Hack/133.nes","街头战士2010","nes"
"03-FC Hack","/roms/03-FC Hack/134.nes","金刚2代","nes"
"03-FC Hack","/roms/03-FC Hack/135.nes","筋肉人摔角","nes"
"03-FC Hack","/roms/03-FC Hack/136.nes","禁毒卫士","nes"
"03-FC Hack","/roms/03-FC Hack/137.nes","荆珂新传","nes"
"03-FC Hack","/roms/03-FC Hack/138.nes","究极虎","nes"
"03-FC Hack","/roms/03-FC Hack/139.nes","九人街霸降龙版","nes"
"03-FC Hack","/roms/03-FC Hack/140.nes","救火英雄","nes"
"03-FC Hack","/roms/03-FC Hack/141.nes","凯蒂猫冒险","nes"
"03-FC Hack","/roms/03-FC Hack/142.nes","柯纳米世界1","nes"
"03-FC Hack","/roms/03-FC Hack/143.nes","柯纳米世界2","nes"
"03-FC Hack","/roms/03-FC Hack/144.nes","空狼","nes"
"03-FC Hack","/roms/03-FC Hack/145.nes","空中魂斗罗可视化","nes"
"03-FC Hack","/roms/03-FC Hack/146.nes","恐龙战队","nes"
"03-FC Hack","/roms/03-FC Hack/147.nes","骷髅13第2章-迷宫组曲","nes"
"03-FC Hack","/roms/03-FC Hack/148.nes","快打旋风汉化版","nes"
"03-FC Hack","/roms/03-FC Hack/149.nes","快打旋风可视化","nes"
"03-FC Hack","/roms/03-FC Hack/150.nes","快杰洋枪2","nes"
"03-FC Hack","/roms/03-FC Hack/151.nes","快杰洋枪3","nes"
"03-FC Hack","/roms/03-FC Hack/152.nes","魁!男塾","nes"
"03-FC Hack","/roms/03-FC Hack/153.nes","拉格朗日点汉化版","nes"
"03-FC Hack","/roms/03-FC Hack/154.nes","老虎直升机","nes"
"03-FC Hack","/roms/03-FC Hack/155.nes","雷电节奏","nes"
"03-FC Hack","/roms/03-FC Hack/156.nes","雷鸟号","nes"
"03-FC Hack","/roms/03-FC Hack/157.nes","蕾拉","nes"
"03-FC Hack","/roms/03-FC Hack/158.nes","力量小子","nes"
"03-FC Hack","/roms/03-FC Hack/159.nes","列车寻宝","nes"
"03-FC Hack","/roms/03-FC Hack/160.nes","烈火92","nes"
"03-FC Hack","/roms/03-FC Hack/161.nes","灵幻道士","nes"
"03-FC Hack","/roms/03-FC Hack/162.nes","溜溜球大师","nes"
"03-FC Hack","/roms/03-FC Hack/163.nes","六三四之剑","nes"
"03-FC Hack","/roms/03-FC Hack/164.nes","龙魂","nes"
"03-FC Hack","/roms/03-FC Hack/165.nes","龙牙变龙","nes"
"03-FC Hack","/roms/03-FC Hack/166.nes","龙牙不死","nes"
"03-FC Hack","/roms/03-FC Hack/167.nes","龙战士","nes"
"03-FC Hack","/roms/03-FC Hack/168.nes","龙之忍者","nes"
"03-FC Hack","/roms/03-FC Hack/169.nes","龙珠Z2","nes"
"03-FC Hack","/roms/03-FC Hack/170.nes","龙珠Z外传","nes"
"03-FC Hack","/roms/03-FC Hack/171.nes","鲁邦三世","nes"
"03-FC Hack","/roms/03-FC Hack/172.nes","鲁邦三世汉化版","nes"
"03-FC Hack","/roms/03-FC Hack/173.nes","罗宾汉","nes"
"03-FC Hack","/roms/03-FC Hack/174.nes","洛克人1","nes"
"03-FC Hack","/roms/03-FC Hack/175.nes","洛克人2","nes"
"03-FC Hack","/roms/03-FC Hack/176.nes","洛克人3","nes"
"03-FC Hack","/roms/03-FC Hack/177.nes","洛克人4可视化","nes"
"03-FC Hack","/roms/03-FC Hack/178.nes","洛克人5可视化","nes"
"03-FC Hack","/roms/03-FC Hack/179.nes","洛克人6可视化","nes"
"03-FC Hack","/roms/03-FC Hack/180.nes","绿色兵团改版","nes"
"03-FC Hack","/roms/03-FC Hack/181.nes","绿色兵团汉化版","nes"
"03-FC Hack","/roms/03-FC Hack/182.nes","绿色兵团金身","nes"
"03-FC Hack","/roms/03-FC Hack/183.nes","绿色兵团强化","nes"
"03-FC Hack","/roms/03-FC Hack/184.nes","马戏团","nes"
"03-FC Hack","/roms/03-FC Hack/185.nes","麦当劳世界","nes"
"03-FC Hack","/roms/03-FC Hack/186.nes","猫和老鼠","nes"
"03-FC Hack","/roms/03-FC Hack/187.nes","猫抓老鼠","nes"
"03-FC Hack","/roms/03-FC Hack/188.nes","冒险岛1汉化版","nes"
"03-FC Hack","/roms/03-FC Hack/189.nes","冒险岛1无敌版","nes"
"03-FC Hack","/roms/03-FC Hack/190.nes","冒险岛2汉化版","nes"
"03-FC Hack","/roms/03-FC Hack/191.nes","冒险岛2换龙版","nes"
"03-FC Hack","/roms/03-FC Hack/192.nes","冒险岛2无敌版","nes"
"03-FC Hack","/roms/03-FC Hack/193.nes","冒险岛3汉化版","nes"
"03-FC Hack","/roms/03-FC Hack/194.nes","冒险岛3可视化","nes"
"03-FC Hack","/roms/03-FC Hack/195.nes","冒险岛4汉化版","nes"
"03-FC Hack","/roms/03-FC Hack/196.nes","冒险岛4可视化","nes"
"03-FC Hack","/roms/03-FC Hack/197.nes","梦幻战机","nes"
"03-FC Hack","/roms/03-FC Hack/198.nes","梦之勇士","nes"
"03-FC Hack","/roms/03-FC Hack/199.nes","梦之勇士汉化版","nes"
"03-FC Hack","/roms/03-FC Hack/200.nes","迷糊蛋","nes"
"03-FC Hack","/roms/03-FC Hack/201.nes","摩艾君","nes"
"03-FC Hack","/roms/03-FC Hack/202.nes","摩登原始人1","nes"
"03-FC Hack","/roms/03-FC Hack/203.nes","摩登原始人1汉化版","nes"
"03-FC Hack","/roms/03-FC Hack/204.nes","摩登原始人2","nes"
"03-FC Hack","/roms/03-FC Hack/205.nes","摩登原始人2汉化版","nes"
"03-FC Hack","/roms/03-FC Hack/206.nes","魔法总动员","nes"
"03-FC Hack","/roms/03-FC Hack/207.nes","魔鬼总动员","nes"
"03-FC Hack","/roms/03-FC Hack/208.nes","魔鬼总动员汉化版","nes"
"03-FC Hack","/roms/03-FC Hack/209.nes","魔界村","nes"
"03-FC Hack","/roms/03-FC Hack/210.nes","魔神英雄传汉化版","nes"
"03-FC Hack","/roms/03-FC Hack/211.nes","魔天童子","nes"
"03-FC Hack","/roms/03-FC Hack/212.nes","魔天童子超强汉化版","nes"
"03-FC Hack","/roms/03-FC Hack/213.nes","魔天童子可视化","nes"
"03-FC Hack","/roms/03-FC Hack/214.nes","能源战士1","nes"
"03-FC Hack","/roms/03-FC Hack/215.nes","能源战士2","nes"
"03-FC Hack","/roms/03-FC Hack/216.nes","鸟人战队","nes"
"03-FC Hack","/roms/03-FC Hack/217.nes","纽约大拳猫","nes"
"03-FC Hack","/roms/03-FC Hack/218.nes","怒1","nes"
"03-FC Hack","/roms/03-FC Hack/219.nes","怒2","nes"
"03-FC Hack","/roms/03-FC Hack/220.nes","怒3","nes"
"03-FC Hack","/roms/03-FC Hack/221.nes","泡泡龙1","nes"
"03-FC Hack","/roms/03-FC Hack/222.nes","泡泡龙1汉化版","nes"
"03-FC Hack","/roms/03-FC Hack/223.nes","泡泡龙2","nes"
"03-FC Hack","/roms/03-FC Hack/224.nes","泡泡龙2汉化版","nes"
"03-FC Hack","/roms/03-FC Hack/225.nes","霹雳神兵","nes"
"03-FC Hack","/roms/03-FC Hack/226.nes","霹雳神兵汉化版","nes"
"03-FC Hack","/roms/03-FC Hack/227.nes","平成天才","nes"
"03-FC Hack","/roms/03-FC Hack/228.nes","七宝奇谋1","nes"
"03-FC Hack","/roms/03-FC Hack/229.nes","七宝奇谋2","nes"
"03-FC Hack","/roms/03-FC Hack/230.nes","企鹅先生","nes"
"03-FC Hack","/roms/03-FC Hack/231.nes","气球大战","nes"
"03-FC Hack","/roms/03-FC Hack/232.nes","前线","nes"
"03-FC Hack","/roms/03-FC Hack/233.nes","敲冰块","nes"
"03-FC Hack","/roms/03-FC Hack/234.nes","热血高校躲避球","nes"
"03-FC Hack","/roms/03-FC Hack/235.nes","热血格斗","nes"
"03-FC Hack","/roms/03-FC Hack/236.nes","热血进行曲","nes"
"03-FC Hack","/roms/03-FC Hack/237.nes","热血篮球","nes"
"03-FC Hack","/roms/03-FC Hack/238.nes","热血曲棍球","nes"
"03-FC Hack","/roms/03-FC Hack/239.nes","热血物语汉化版","nes"
"03-FC Hack","/roms/03-FC Hack/240.nes","热血硬派","nes"
"03-FC Hack","/roms/03-FC Hack/241.nes","热血足球联盟","nes"
"03-FC Hack","/roms/03-FC Hack/242.nes","热血足球联盟汉化版","nes"
"03-FC Hack","/roms/03-FC Hack/243.nes","人间兵器","nes"
"03-FC Hack","/roms/03-FC Hack/244.nes","人间兵器汉化版","nes"
"03-FC Hack","/roms/03-FC Hack/245.nes","忍者茶茶丸","nes"
"03-FC Hack","/roms/03-FC Hack/246.nes","忍者龙剑传1可视化","nes"
"03-FC Hack","/roms/03-FC Hack/247.nes","忍者龙剑传2汉化版","nes"
"03-FC Hack","/roms/03-FC Hack/248.nes","忍者龙剑传2可视化","nes"
"03-FC Hack","/roms/03-FC Hack/249.nes","忍者龙剑传3汉化版","nes"
"03-FC Hack","/roms/03-FC Hack/250.nes","忍者龙剑传3可视化","nes"
"03-FC Hack","/roms/03-FC Hack/251.nes","忍者猫","nes"
"03-FC Hack","/roms/03-FC Hack/252.nes","忍者猫汉化版","nes"
"03-FC Hack","/roms/03-FC Hack/253.nes","忍者神龟1","nes"
"03-FC Hack","/roms/03-FC Hack/254.nes","忍者神龟1汉化版","nes"
"03-FC Hack","/roms/03-FC Hack/255.nes","忍者神龟2","nes"
"03-FC Hack","/roms/03-FC Hack/256.nes","忍者神龟2汉化版","nes"
"03-FC Hack","/roms/03-FC Hack/257.nes","忍者神龟2无敌","nes"
"03-FC Hack","/roms/03-FC Hack/258.nes","忍者神龟3","nes"
"03-FC Hack","/roms/03-FC Hack/259.nes","忍者神龟3汉化版","nes"
"03-FC Hack","/roms/03-FC Hack/260.nes","忍者神龟格斗汉化版","nes"
"03-FC Hack","/roms/03-FC Hack/261.nes","忍者神龟格斗可视化","nes"
"03-FC Hack","/roms/03-FC Hack/262.nes","忍者蛙","nes"
"03-FC Hack","/roms/03-FC Hack/263.nes","忍者蛙和双截龙","nes"
"03-FC Hack","/roms/03-FC Hack/264.nes","忍者刑警","nes"
"03-FC Hack","/roms/03-FC Hack/265.nes","塞尔达传说","nes"
"03-FC Hack","/roms/03-FC Hack/266.nes","三国志2 霸王的大陆","nes"
"03-FC Hack","/roms/03-FC Hack/267.nes","三国志2 霸王的大陆超级版","nes"
"03-FC Hack","/roms/03-FC Hack/268.nes","三目童子超级版","nes"
"03-FC Hack","/roms/03-FC Hack/269.nes","三目童子汉化版1","nes"
"03-FC Hack","/roms/03-FC Hack/270.nes","三目童子汉化版2","nes"
"03-FC Hack","/roms/03-FC Hack/271.nes","三目童子速射版","nes"
"03-FC Hack","/roms/03-FC Hack/272.nes","三只小猪","nes"
"03-FC Hack","/roms/03-FC Hack/273.nes","杀虫战记","nes"
"03-FC Hack","/roms/03-FC Hack/274.nes","杀戮战场","nes"
"03-FC Hack","/roms/03-FC Hack/275.nes","沙罗曼蛇","nes"
"03-FC Hack","/roms/03-FC Hack/276.nes","沙罗曼蛇汉化版","nes"
"03-FC Hack","/roms/03-FC Hack/277.nes","上尉密令","nes"
"03-FC Hack","/roms/03-FC Hack/278.nes","少年印第安纳琼斯","nes"
"03-FC Hack","/roms/03-FC Hack/279.nes","圣斗士星矢-黄金传说完结篇","nes"
"03-FC Hack","/roms/03-FC Hack/280.nes","圣铃传说","nes"
"03-FC Hack","/roms/03-FC Hack/281.nes","圣魔术师","nes"
"03-FC Hack","/roms/03-FC Hack/282.nes","兽王记","nes"
"03-FC Hack","/roms/03-FC Hack/283.nes","双截龙1","nes"
"03-FC Hack","/roms/03-FC Hack/284.nes","双截龙2BOSS版","nes"
"03-FC Hack","/roms/03-FC Hack/285.nes","双截龙2汉化版","nes"
"03-FC Hack","/roms/03-FC Hack/286.nes","双截龙2可视化","nes"
"03-FC Hack","/roms/03-FC Hack/287.nes","双截龙3BOSS版","nes"
"03-FC Hack","/roms/03-FC Hack/288.nes","双截龙3刀魂剑魄无限血","nes"
"03-FC Hack","/roms/03-FC Hack/289.nes","双截龙3汉化版","nes"
"03-FC Hack","/roms/03-FC Hack/290.nes","双截龙3可视化","nes"
"03-FC Hack","/roms/03-FC Hack/291.nes","双蛇城","nes"
"03-FC Hack","/roms/03-FC Hack/292.nes","双鹰","nes"
"03-FC Hack","/roms/03-FC Hack/293.nes","松鼠大战1","nes"
"03-FC Hack","/roms/03-FC Hack/294.nes","松鼠大战1改版","nes"
"03-FC Hack","/roms/03-FC Hack/295.nes","松鼠大战1汉化版","nes"
"03-FC Hack","/roms/03-FC Hack/296.nes","松鼠大战2","nes"
"03-FC Hack","/roms/03-FC Hack/297.nes","松鼠大战2汉化版","nes"
"03-FC Hack","/roms/03-FC Hack/298.nes","坦克大战半屏","nes"
"03-FC Hack","/roms/03-FC Hack/299.nes","坦克大战可视化","nes"
"03-FC Hack","/roms/03-FC Hack/300.nes","唐老鸭大冒险1","nes"
"03-FC Hack","/roms/03-FC Hack/301.nes","唐老鸭大冒险2","nes"
"03-FC Hack","/roms/03-FC Hack/302.nes","淘金者","nes"
"03-FC Hack","/roms/03-FC Hack/303.nes","特救指令变身","nes"
"03-FC Hack","/roms/03-FC Hack/304.nes","特救指令汉化版","nes"
"03-FC Hack","/roms/03-FC Hack/305.nes","特救指令美版","nes"
"03-FC Hack","/roms/03-FC Hack/306.nes","特救指令美日综合","nes"
"03-FC Hack","/roms/03-FC Hack/307.nes","踢王无敌","nes"
"03-FC Hack","/roms/03-FC Hack/308.nes","踢王无限","nes"
"03-FC Hack","/roms/03-FC Hack/309.nes","天才小厨师","nes"
"03-FC Hack","/roms/03-FC Hack/310.nes","天使之翼2汉化版","nes"
"03-FC Hack","/roms/03-FC Hack/311.nes","挑战巨龙","nes"
"03-FC Hack","/roms/03-FC Hack/312.nes","跳跳虫","nes"
"03-FC Hack","/roms/03-FC Hack/313.nes","铁臂阿童木","nes"
"03-FC Hack","/roms/03-FC Hack/314.nes","突然君","nes"
"03-FC Hack","/roms/03-FC Hack/315.nes","兔宝宝1","nes"
"03-FC Hack","/roms/03-FC Hack/316.nes","兔宝宝1汉化版","nes"
"03-FC Hack","/roms/03-FC Hack/317.nes","兔宝宝2","nes"
"03-FC Hack","/roms/03-FC Hack/318.nes","兔宝宝2汉化版","nes"
"03-FC Hack","/roms/03-FC Hack/319.nes","脱狱1汉化版","nes"
"03-FC Hack","/roms/03-FC Hack/320.nes","脱狱1换枪","nes"
"03-FC Hack","/roms/03-FC Hack/321.nes","脱狱1无敌","nes"
"03-FC Hack","/roms/03-FC Hack/322.nes","脱狱2","nes"
"03-FC Hack","/roms/03-FC Hack/323.nes","外星战将换人","nes"
"03-FC Hack","/roms/03-FC Hack/324.nes","外星战将无敌","nes"
"03-FC Hack","/roms/03-FC Hack/325.nes","顽皮狗","nes"
"03-FC Hack","/roms/03-FC Hack/326.nes","网球","nes"
"03-FC Hack","/roms/03-FC Hack/327.nes","无赖战士","nes"
"03-FC Hack","/roms/03-FC Hack/328.nes","西游记1","nes"
"03-FC Hack","/roms/03-FC Hack/329.nes","西游记1汉化版","nes"
"03-FC Hack","/roms/03-FC Hack/330.nes","西游记1可视化","nes"
"03-FC Hack","/roms/03-FC Hack/331.nes","西游记2","nes"
"03-FC Hack","/roms/03-FC Hack/332.nes","西游记2汉化版","nes"
"03-FC Hack","/roms/03-FC Hack/333.nes","锡鲁巴船长","nes"
"03-FC Hack","/roms/03-FC Hack/334.nes","香蕉王子大冒险","nes"
"03-FC Hack","/roms/03-FC Hack/335.nes","小美人鱼","nes"
"03-FC Hack","/roms/03-FC Hack/336.nes","小蜜蜂","nes"
"03-FC Hack","/roms/03-FC Hack/337.nes","小蜜蜂无限命","nes"
"03-FC Hack","/roms/03-FC Hack/338.nes","小魔怪2","nes"
"03-FC Hack","/roms/03-FC Hack/339.nes","小魔女皮皮","nes"
"03-FC Hack","/roms/03-FC Hack/340.nes","新人类","nes"
"03-FC Hack","/roms/03-FC Hack/341.nes","星际魂斗罗可视化","nes"
"03-FC Hack","/roms/03-FC Hack/342.nes","星际战士","nes"
"03-FC Hack","/roms/03-FC Hack/343.nes","星之卡比","nes"
"03-FC Hack","/roms/03-FC Hack/344.nes","雪人兄弟汉化版","nes"
"03-FC Hack","/roms/03-FC Hack/345.nes","雪人兄弟可视化","nes"
"03-FC Hack","/roms/03-FC Hack/346.nes","雅典娜","nes"
"03-FC Hack","/roms/03-FC Hack/347.nes","亚当斯一家","nes"
"03-FC Hack","/roms/03-FC Hack/348.nes","眼镜蛇特种部队1","nes"
"03-FC Hack","/roms/03-FC Hack/349.nes","眼镜蛇特种部队2","nes"
"03-FC Hack","/roms/03-FC Hack/350.nes","野狼特工队","nes"
"03-FC Hack","/roms/03-FC Hack/351.nes","义龟报恩","nes"
"03-FC Hack","/roms/03-FC Hack/352.nes","翼人","nes"
"03-FC Hack","/roms/03-FC Hack/353.nes","音乐欣赏50合1","nes"
"03-FC Hack","/roms/03-FC Hack/354.nes","银河号","nes"
"03-FC Hack","/roms/03-FC Hack/355.nes","银河武士","nes"
"03-FC Hack","/roms/03-FC Hack/356.nes","影武者","nes"
"03-FC Hack","/roms/03-FC Hack/357.nes","影子传说","nes"
"03-FC Hack","/roms/03-FC Hack/358.nes","影子传说汉化版","nes"
"03-FC Hack","/roms/03-FC Hack/359.nes","勇士们","nes"
"03-FC Hack","/roms/03-FC Hack/360.nes","宇宙巡航机1","nes"
"03-FC Hack","/roms/03-FC Hack/361.nes","宇宙巡航机2","nes"
"03-FC Hack","/roms/03-FC Hack/362.nes","宇宙巡航机2汉化版","nes"
"03-FC Hack","/roms/03-FC Hack/363.nes","月风魔传可视化","nes"
"03-FC Hack","/roms/03-FC Hack/364.nes","月风魔传中文","nes"
"03-FC Hack","/roms/03-FC Hack/365.nes","越野摩托","nes"
"03-FC Hack","/roms/03-FC Hack/366.nes","炸弹人1不死","nes"
"03-FC Hack","/roms/03-FC Hack/367.nes","炸弹人1汉化版","nes"
"03-FC Hack","/roms/03-FC Hack/368.nes","炸弹人1强化1","nes"
"03-FC Hack","/roms/03-FC Hack/369.nes","炸弹人1强化2","nes"
"03-FC Hack","/roms/03-FC Hack/370.nes","炸弹人2汉化版","nes"
"03-FC Hack","/roms/03-FC Hack/371.nes","炸弹人2可视化","nes"
"03-FC Hack","/roms/03-FC Hack/372.nes","炸弹之王","nes"
"03-FC Hack","/roms/03-FC Hack/373.nes","战场之狼","nes"
"03-FC Hack","/roms/03-FC Hack/374.nes","战斗坦克","nes"
"03-FC Hack","/roms/03-FC Hack/375.nes","战斗原始人","nes"
"03-FC Hack","/roms/03-FC Hack/376.nes","沼泽怪物","nes"
"03-FC Hack","/roms/03-FC Hack/377.nes","蜘蛛侠","nes"
"03-FC Hack","/roms/03-FC Hack/378.nes","中东战争","nes"
"03-FC Hack","/roms/03-FC Hack/379.nes","中东战争汉化版","nes"
"03-FC Hack","/roms/03-FC Hack/380.nes","中国象棋","nes"
"03-FC Hack","/roms/03-FC Hack/381.nes","中国象棋Select切棋子版","nes"
"03-FC Hack","/roms/03-FC Hack/382.nes","中华大仙","nes"
"03-FC Hack","/roms/03-FC Hack/383.nes","终结者2","nes"
"03-FC Hack","/roms/03-FC Hack/384.nes","重装机兵 超级加强版","nes"
"03-FC Hack","/roms/03-FC Hack/385.nes","重装机兵 稀有物品版","nes"
"03-FC Hack","/roms/03-FC Hack/386.nes","重装机兵superhack","nes"
"03-FC Hack","/roms/03-FC Hack/387.nes","侏罗纪公园","nes"
"03-FC Hack","/roms/03-FC Hack/388.nes","转转乐园","nes"
"03-FC Hack","/roms/03-FC Hack/389.nes","壮志凌云","nes"
"03-FC Hack","/roms/03-FC Hack/390.nes","追击HQ","nes"
"04-SFC Hack","/roms/04-SFC Hack/1.smc","46亿年物语","smc"
"04-SFC Hack","/roms/04-SFC Hack/2.smc","94中岛悟赛车","smc"
"04-SFC Hack","/roms/04-SFC Hack/3.smc","360度滚球","smc"
"04-SFC Hack","/roms/04-SFC Hack/4.smc","BB鸟 大野狼与BB鸟","smc"
"04-SFC Hack","/roms/04-SFC Hack/5.smc","BB鸟","smc"
"04-SFC Hack","/roms/04-SFC Hack/6.smc","CB世界","smc"
"04-SFC Hack","/roms/04-SFC Hack/7.smc","GS美神","smc"
"04-SFC Hack","/roms/04-SFC Hack/8.smc","SD弹珠台","smc"
"04-SFC Hack","/roms/04-SFC Hack/9.smc","SD高达1","smc"
"04-SFC Hack","/roms/04-SFC Hack/10.smc","SD高达2","smc"
"04-SFC Hack","/roms/04-SFC Hack/11.smc","SD英雄大战1","smc"
"04-SFC Hack","/roms/04-SFC Hack/12.smc","SD英雄大战3","smc"
"04-SFC Hack","/roms/04-SFC Hack/13.smc","SD英雄大战4","smc"
"04-SFC Hack","/roms/04-SFC Hack/14.smc","SD英雄大战5","smc"
"04-SFC Hack","/roms/04-SFC Hack/15.smc","SD英雄大战外传2","smc"
"04-SFC Hack","/roms/04-SFC Hack/16.smc","X革命","smc"
"04-SFC Hack","/roms/04-SFC Hack/17.smc","X战警 变种末世录","smc"
"04-SFC Hack","/roms/04-SFC Hack/18.smc","阿拉丁","smc"
"04-SFC Hack","/roms/04-SFC Hack/19.smc","阿蕾莎1","smc"
"04-SFC Hack","/roms/04-SFC Hack/20.smc","阿蕾莎2","smc"
"04-SFC Hack","/roms/04-SFC Hack/21.smc","阿蕾莎外传","smc"
"04-SFC Hack","/roms/04-SFC Hack/22.smc","白痴殿下总动员","smc"
"04-SFC Hack","/roms/04-SFC Hack/23.sfc","邦卡猫大冒险","sfc"
"04-SFC Hack","/roms/04-SFC Hack/24.smc","鲍比的世界","smc"
"04-SFC Hack","/roms/04-SFC Hack/25.smc","暴力刑警","smc"
"04-SFC Hack","/roms/04-SFC Hack/26.smc","蝙蝠侠与罗宾的大冒险","smc"
"04-SFC Hack","/roms/04-SFC Hack/27.smc","蝙蝠侠重现江湖","smc"
"04-SFC Hack","/roms/04-SFC Hack/28.smc","弁庆外传 沙之章","smc"
"04-SFC Hack","/roms/04-SFC Hack/29.smc","变相怪杰","smc"
"04-SFC Hack","/roms/04-SFC Hack/30.smc","兵蜂","smc"
"04-SFC Hack","/roms/04-SFC Hack/31.smc","波斯王子","smc"
"04-SFC Hack","/roms/04-SFC Hack/32.smc","苍狼与白鹿 元朝秘史","smc"
"04-SFC Hack","/roms/04-SFC Hack/33.smc","超次元地带","smc"
"04-SFC Hack","/roms/04-SFC Hack/34.smc","超级PANG","smc"
"04-SFC Hack","/roms/04-SFC Hack/35.smc","超级大金刚1","smc"
"04-SFC Hack","/roms/04-SFC Hack/36.smc","超级大金刚2","smc"
"04-SFC Hack","/roms/04-SFC Hack/37.sfc","超级大金刚3","sfc"
"04-SFC Hack","/roms/04-SFC Hack/38.smc","超级地球防卫军","smc"
"04-SFC Hack","/roms/04-SFC Hack/39.smc","超级豆豆君","smc"
"04-SFC Hack","/roms/04-SFC Hack/40.smc","超级恶魔城4","smc"
"04-SFC Hack","/roms/04-SFC Hack/41.smc","超级疯狂机车赛","smc"
"04-SFC Hack","/roms/04-SFC Hack/42.smc","超级机器人大战EX","smc"
"04-SFC Hack","/roms/04-SFC Hack/43.smc","超级街头霸王2","smc"
"04-SFC Hack","/roms/04-SFC Hack/44.smc","超级联合部队","smc"
"04-SFC Hack","/roms/04-SFC Hack/45.smc","超级麻将大会","smc"
"04-SFC Hack","/roms/04-SFC Hack/46.smc","超级马里奥全明星","smc"
"04-SFC Hack","/roms/04-SFC Hack/47.sfc","超级马里奥全明星+世界强化","sfc"
"04-SFC Hack","/roms/04-SFC Hack/48.sfc","超级马里奥世界强化","sfc"
"04-SFC Hack","/roms/04-SFC Hack/49.smc","超级马里奥世界无敌","smc"
"04-SFC Hack","/roms/04-SFC Hack/50.smc","超级冒险岛1","smc"
"04-SFC Hack","/roms/04-SFC Hack/51.smc","超级冒险岛2","smc"
"04-SFC Hack","/roms/04-SFC Hack/52.smc","超级梦幻战士4","smc"
"04-SFC Hack","/roms/04-SFC Hack/53.smc","超级忍者君","smc"
"04-SFC Hack","/roms/04-SFC Hack/54.smc","超级铁球大战","smc"
"04-SFC Hack","/roms/04-SFC Hack/55.smc","超级瓦强大冒险","smc"
"04-SFC Hack","/roms/04-SFC Hack/56.smc","超级星球大战帝国反击","smc"
"04-SFC Hack","/roms/04-SFC Hack/57.smc","超级星球大战绝地归来","smc"
"04-SFC Hack","/roms/04-SFC Hack/58.smc","超级伊忍道","smc"
"04-SFC Hack","/roms/04-SFC Hack/59.smc","超级异形战机","smc"
"04-SFC Hack","/roms/04-SFC Hack/60.smc","超级银河战士","smc"
"04-SFC Hack","/roms/04-SFC Hack/61.smc","超级原人1","smc"
"04-SFC Hack","/roms/04-SFC Hack/62.smc","超级原人2","smc"
"04-SFC Hack","/roms/04-SFC Hack/63.smc","超级炸弹人2","smc"
"04-SFC Hack","/roms/04-SFC Hack/64.smc","超级炸弹人3","smc"
"04-SFC Hack","/roms/04-SFC Hack/65.sfc","超级战士1","sfc"
"04-SFC Hack","/roms/04-SFC Hack/66.sfc","超级战士2","sfc"
"04-SFC Hack","/roms/04-SFC Hack/67.smc","超级战鹰","smc"
"04-SFC Hack","/roms/04-SFC Hack/68.smc","超级职业棒球2","smc"
"04-SFC Hack","/roms/04-SFC Hack/69.smc","超级中国人世界1","smc"
"04-SFC Hack","/roms/04-SFC Hack/70.smc","超级中国人世界2","smc"
"04-SFC Hack","/roms/04-SFC Hack/71.smc","超级中国人世界3","smc"
"04-SFC Hack","/roms/04-SFC Hack/72.smc","超级重拳","smc"
"04-SFC Hack","/roms/04-SFC Hack/73.smc","超级追踪HQ","smc"
"04-SFC Hack","/roms/04-SFC Hack/74.smc","超魔法大陆","smc"
"04-SFC Hack","/roms/04-SFC Hack/75.smc","超魔界村","smc"
"04-SFC Hack","/roms/04-SFC Hack/76.sfc","超魔界村女版","sfc"
"04-SFC Hack","/roms/04-SFC Hack/77.smc","超魔界大战","smc"
"04-SFC Hack","/roms/04-SFC Hack/78.smc","超魔兽大战","smc"
"04-SFC Hack","/roms/04-SFC Hack/79.smc","超人","smc"
"04-SFC Hack","/roms/04-SFC Hack/80.smc","超时空要塞","smc"
"04-SFC Hack","/roms/04-SFC Hack/81.sfc","超时空之轮","sfc"
"04-SFC Hack","/roms/04-SFC Hack/82.smc","超写实麻雀","smc"
"04-SFC Hack","/roms/04-SFC Hack/83.smc","超兄贵 爆裂乱斗篇","smc"
"04-SFC Hack","/roms/04-SFC Hack/84.smc","超越巅峰1","smc"
"04-SFC Hack","/roms/04-SFC Hack/85.smc","超越巅峰2","smc"
"04-SFC Hack","/roms/04-SFC Hack/86.smc","车神大赛","smc"
"04-SFC Hack","/roms/04-SFC Hack/87.sfc","传说战士","sfc"
"04-SFC Hack","/roms/04-SFC Hack/88.smc","创世封魔录","smc"
"04-SFC Hack","/roms/04-SFC Hack/89.smc","创世纪恐龙帝国","smc"
"04-SFC Hack","/roms/04-SFC Hack/90.smc","创世纪神秘的美德","smc"
"04-SFC Hack","/roms/04-SFC Hack/91.smc","垂直作战","smc"
"04-SFC Hack","/roms/04-SFC Hack/92.smc","达菲鸭火星任务","smc"
"04-SFC Hack","/roms/04-SFC Hack/93.smc","达摩道场","smc"
"04-SFC Hack","/roms/04-SFC Hack/94.smc","大贝兽物语","smc"
"04-SFC Hack","/roms/04-SFC Hack/95.smc","大盗伍佑卫门1","smc"
"04-SFC Hack","/roms/04-SFC Hack/96.smc","大盗伍佑卫门2","smc"
"04-SFC Hack","/roms/04-SFC Hack/97.smc","大盗伍佑卫门3","smc"
"04-SFC Hack","/roms/04-SFC Hack/98.smc","大盗伍佑卫门4","smc"
"04-SFC Hack","/roms/04-SFC Hack/99.smc","大航海时代2","smc"
"04-SFC Hack","/roms/04-SFC Hack/100.smc","大和战神火皇子","smc"
"04-SFC Hack","/roms/04-SFC Hack/101.smc","大力工头阿源君","smc"
"04-SFC Hack","/roms/04-SFC Hack/102.smc","大力水手","smc"
"04-SFC Hack","/roms/04-SFC Hack/103.smc","大流士战机","smc"
"04-SFC Hack","/roms/04-SFC Hack/104.smc","地底魔神","smc"
"04-SFC Hack","/roms/04-SFC Hack/105.sfc","第3次超级机器人大战","sfc"
"04-SFC Hack","/roms/04-SFC Hack/106.sfc","第4次超级机器人大战","sfc"
"04-SFC Hack","/roms/04-SFC Hack/107.smc","第一武士","smc"
"04-SFC Hack","/roms/04-SFC Hack/108.smc","电精","smc"
"04-SFC Hack","/roms/04-SFC Hack/109.sfc","电精强化版","sfc"
"04-SFC Hack","/roms/04-SFC Hack/110.smc","钓鱼太郎1","smc"
"04-SFC Hack","/roms/04-SFC Hack/111.smc","钓鱼太郎2","smc"
"04-SFC Hack","/roms/04-SFC Hack/112.smc","斗姬传","smc"
"04-SFC Hack","/roms/04-SFC Hack/113.smc","斗人魔境4","smc"
"04-SFC Hack","/roms/04-SFC Hack/114.smc","赌城大攻略","smc"
"04-SFC Hack","/roms/04-SFC Hack/115.smc","对决!!黄金决战","smc"
"04-SFC Hack","/roms/04-SFC Hack/116.smc","哆啦A梦3","smc"
"04-SFC Hack","/roms/04-SFC Hack/117.sfc","恶魔城XX","sfc"
"04-SFC Hack","/roms/04-SFC Hack/118.smc","恶魔少年1","smc"
"04-SFC Hack","/roms/04-SFC Hack/119.smc","恶魔少年2","smc"
"04-SFC Hack","/roms/04-SFC Hack/120.smc","恶魔少年3","smc"
"04-SFC Hack","/roms/04-SFC Hack/121.smc","饿狼传说特别版","smc"
"04-SFC Hack","/roms/04-SFC Hack/122.smc","飞毛腿","smc"
"04-SFC Hack","/roms/04-SFC Hack/123.smc","飞天蝙蝠2","smc"
"04-SFC Hack","/roms/04-SFC Hack/124.smc","飞行英雄","smc"
"04-SFC Hack","/roms/04-SFC Hack/125.smc","翡翠龙","smc"
"04-SFC Hack","/roms/04-SFC Hack/126.smc","风来之西林 不可思议的迷宫2","smc"
"04-SFC Hack","/roms/04-SFC Hack/127.smc","风云战机","smc"
"04-SFC Hack","/roms/04-SFC Hack/128.smc","盖亚幻想纪","smc"
"04-SFC Hack","/roms/04-SFC Hack/129.smc","绀碧之舰队","smc"
"04-SFC Hack","/roms/04-SFC Hack/130.smc","钢炮部队","smc"
"04-SFC Hack","/roms/04-SFC Hack/131.smc","钢铁骑士1","smc"
"04-SFC Hack","/roms/04-SFC Hack/132.smc","钢铁骑士2","smc"
"04-SFC Hack","/roms/04-SFC Hack/133.smc","钢铁战士","smc"
"04-SFC Hack","/roms/04-SFC Hack/134.smc","高智能方程式","smc"
"04-SFC Hack","/roms/04-SFC Hack/135.smc","歌舞伎洛克斯","smc"
"04-SFC Hack","/roms/04-SFC Hack/136.smc","格斗大亨","smc"
"04-SFC Hack","/roms/04-SFC Hack/137.smc","古城救美","smc"
"04-SFC Hack","/roms/04-SFC Hack/138.smc","怪兽之王1","smc"
"04-SFC Hack","/roms/04-SFC Hack/139.smc","怪兽之王2","smc"
"04-SFC Hack","/roms/04-SFC Hack/140.smc","怪兽制造厂3","smc"
"04-SFC Hack","/roms/04-SFC Hack/141.sfc","怪物三人行","sfc"
"04-SFC Hack","/roms/04-SFC Hack/142.sfc","灌篮高手2","sfc"
"04-SFC Hack","/roms/04-SFC Hack/143.smc","鬼神降临传","smc"
"04-SFC Hack","/roms/04-SFC Hack/144.smc","鬼神童子烈斗雷传","smc"
"04-SFC Hack","/roms/04-SFC Hack/145.smc","鬼太郎 复活!天魔大王","smc"
"04-SFC Hack","/roms/04-SFC Hack/146.smc","鬼屋历险","smc"
"04-SFC Hack","/roms/04-SFC Hack/147.smc","海腹川背","smc"
"04-SFC Hack","/roms/04-SFC Hack/148.smc","航海世界","smc"
"04-SFC Hack","/roms/04-SFC Hack/149.smc","豪血寺一族","smc"
"04-SFC Hack","/roms/04-SFC Hack/150.smc","黑暗领域","smc"
"04-SFC Hack","/roms/04-SFC Hack/151.smc","黑水海盗","smc"
"04-SFC Hack","/roms/04-SFC Hack/152.smc","横山光辉三国志","smc"
"04-SFC Hack","/roms/04-SFC Hack/153.smc","轰炸汽车","smc"
"04-SFC Hack","/roms/04-SFC Hack/154.smc","轰炸忍者超人","smc"
"04-SFC Hack","/roms/04-SFC Hack/155.smc","花之庆次 云之彼方","smc"
"04-SFC Hack","/roms/04-SFC Hack/156.smc","幻史世界记","smc"
"04-SFC Hack","/roms/04-SFC Hack/157.smc","幻想传说","smc"
"04-SFC Hack","/roms/04-SFC Hack/158.smc","荒野双枪","smc"
"04-SFC Hack","/roms/04-SFC Hack/159.smc","皇家骑士团1","smc"
"04-SFC Hack","/roms/04-SFC Hack/160.smc","皇家骑士团2","smc"
"04-SFC Hack","/roms/04-SFC Hack/161.smc","黄金龙战记","smc"
"04-SFC Hack","/roms/04-SFC Hack/162.smc","毁灭武器","smc"
"04-SFC Hack","/roms/04-SFC Hack/163.smc","魂斗罗3欧版","smc"
"04-SFC Hack","/roms/04-SFC Hack/164.smc","魂斗罗3日版","smc"
"04-SFC Hack","/roms/04-SFC Hack/165.smc","火箭骑士","smc"
"04-SFC Hack","/roms/04-SFC Hack/166.smc","火线冲突","smc"
"04-SFC Hack","/roms/04-SFC Hack/167.sfc","火焰之纹章3 纹章之谜","sfc"
"04-SFC Hack","/roms/04-SFC Hack/168.sfc","火焰之纹章4 圣战之系谱","sfc"
"04-SFC Hack","/roms/04-SFC Hack/169.smc","火焰之纹章4 完美成长全特技","smc"
"04-SFC Hack","/roms/04-SFC Hack/170.sfc","火焰之纹章5 多拉基亚776","sfc"
"04-SFC Hack","/roms/04-SFC Hack/171.smc","火焰之纹章5 强化","smc"
"04-SFC Hack","/roms/04-SFC Hack/172.smc","机动战士高达0079","smc"
"04-SFC Hack","/roms/04-SFC Hack/173.smc","机动战士高达F91","smc"
"04-SFC Hack","/roms/04-SFC Hack/174.smc","机动战士高达V","smc"
"04-SFC Hack","/roms/04-SFC Hack/175.smc","机甲警察","smc"
"04-SFC Hack","/roms/04-SFC Hack/176.smc","机械战警3","smc"
"04-SFC Hack","/roms/04-SFC Hack/177.smc","机械战警对终结者","smc"
"04-SFC Hack","/roms/04-SFC Hack/178.smc","吉姆大展神威","smc"
"04-SFC Hack","/roms/04-SFC Hack/179.smc","极恶双雄","smc"
"04-SFC Hack","/roms/04-SFC Hack/180.smc","极上沙罗曼蛇","smc"
"04-SFC Hack","/roms/04-SFC Hack/181.smc","迦楼罗王","smc"
"04-SFC Hack","/roms/04-SFC Hack/182.smc","甲龙传说","smc"
"04-SFC Hack","/roms/04-SFC Hack/183.smc","假面骑士","smc"
"04-SFC Hack","/roms/04-SFC Hack/184.smc","剑士法兰多1","smc"
"04-SFC Hack","/roms/04-SFC Hack/185.smc","剑士法兰多2","smc"
"04-SFC Hack","/roms/04-SFC Hack/186.smc","剑王之王2","smc"
"04-SFC Hack","/roms/04-SFC Hack/187.smc","剑勇传说","smc"
"04-SFC Hack","/roms/04-SFC Hack/188.smc","街头霸王2","smc"
"04-SFC Hack","/roms/04-SFC Hack/189.smc","街头霸王2加速版","smc"
"04-SFC Hack","/roms/04-SFC Hack/190.smc","街头霸王5","smc"
"04-SFC Hack","/roms/04-SFC Hack/191.smc","金刚狼","smc"
"04-SFC Hack","/roms/04-SFC Hack/192.smc","金属战队","smc"
"04-SFC Hack","/roms/04-SFC Hack/193.smc","劲爆NBA篮球","smc"
"04-SFC Hack","/roms/04-SFC Hack/194.smc","晶沙之城堡探险","smc"
"04-SFC Hack","/roms/04-SFC Hack/195.smc","精英军团","smc"
"04-SFC Hack","/roms/04-SFC Hack/196.smc","竞速天龙","smc"
"04-SFC Hack","/roms/04-SFC Hack/197.smc","究极合体战机","smc"
"04-SFC Hack","/roms/04-SFC Hack/198.smc","究极战士","smc"
"04-SFC Hack","/roms/04-SFC Hack/199.smc","究极战士简化","smc"
"04-SFC Hack","/roms/04-SFC Hack/200.smc","旧约女神转生","smc"
"04-SFC Hack","/roms/04-SFC Hack/201.smc","旧约女神转生速升","smc"
"04-SFC Hack","/roms/04-SFC Hack/202.sfc","绝地大屠杀2","sfc"
"04-SFC Hack","/roms/04-SFC Hack/203.smc","绝岭雄风","smc"
"04-SFC Hack","/roms/04-SFC Hack/204.smc","卡通天蚕变","smc"
"04-SFC Hack","/roms/04-SFC Hack/205.smc","凯伦的疯狂追逐","smc"
"04-SFC Hack","/roms/04-SFC Hack/206.smc","科学怪人的冒险","smc"
"04-SFC Hack","/roms/04-SFC Hack/207.smc","科学冒险岛","smc"
"04-SFC Hack","/roms/04-SFC Hack/208.smc","空手女神龙","smc"
"04-SFC Hack","/roms/04-SFC Hack/209.smc","恐龙王国大冒险","smc"
"04-SFC Hack","/roms/04-SFC Hack/210.smc","恐龙战队","smc"
"04-SFC Hack","/roms/04-SFC Hack/211.smc","恐龙战队电影版","smc"
"04-SFC Hack","/roms/04-SFC Hack/212.smc","快打刑事1","smc"
"04-SFC Hack","/roms/04-SFC Hack/213.smc","快打刑事2 乱","smc"
"04-SFC Hack","/roms/04-SFC Hack/214.smc","快打刑事3 修罗","smc"
"04-SFC Hack","/roms/04-SFC Hack/215.smc","快打旋风1","smc"
"04-SFC Hack","/roms/04-SFC Hack/216.smc","快打旋风2","smc"
"04-SFC Hack","/roms/04-SFC Hack/217.smc","快打旋风3超级hack1","smc"
"04-SFC Hack","/roms/04-SFC Hack/218.smc","快打旋风3超级hack2","smc"
"04-SFC Hack","/roms/04-SFC Hack/219.smc","狂野特攻队","smc"
"04-SFC Hack","/roms/04-SFC Hack/220.smc","浪漫沙加1","smc"
"04-SFC Hack","/roms/04-SFC Hack/221.smc","浪漫沙加2能力","smc"
"04-SFC Hack","/roms/04-SFC Hack/222.smc","浪漫沙加2武器","smc"
"04-SFC Hack","/roms/04-SFC Hack/223.smc","浪漫沙加3","smc"
"04-SFC Hack","/roms/04-SFC Hack/224.smc","浪漫沙加3强化","smc"
"04-SFC Hack","/roms/04-SFC Hack/225.smc","雷电传说","smc"
"04-SFC Hack","/roms/04-SFC Hack/226.smc","雷恩与史地皮1疯狂家庭","smc"
"04-SFC Hack","/roms/04-SFC Hack/227.smc","雷恩与史地皮2扭曲时间","smc"
"04-SFC Hack","/roms/04-SFC Hack/228.smc","雷克斯龙冒险","smc"
"04-SFC Hack","/roms/04-SFC Hack/229.smc","雷莎出击1","smc"
"04-SFC Hack","/roms/04-SFC Hack/230.smc","雷莎出击2","smc"
"04-SFC Hack","/roms/04-SFC Hack/231.smc","雷霆机器人","smc"
"04-SFC Hack","/roms/04-SFC Hack/232.smc","立体跳方块3","smc"
"04-SFC Hack","/roms/04-SFC Hack/233.smc","炼金术士","smc"
"04-SFC Hack","/roms/04-SFC Hack/234.smc","猎杀红色十月号","smc"
"04-SFC Hack","/roms/04-SFC Hack/235.smc","灵魂与剑","smc"
"04-SFC Hack","/roms/04-SFC Hack/236.smc","零式赛车","smc"
"04-SFC Hack","/roms/04-SFC Hack/237.smc","零式特攻队","smc"
"04-SFC Hack","/roms/04-SFC Hack/238.sfc","领域","sfc"
"04-SFC Hack","/roms/04-SFC Hack/239.smc","龙王战士","smc"
"04-SFC Hack","/roms/04-SFC Hack/240.smc","龙战士1","smc"
"04-SFC Hack","/roms/04-SFC Hack/241.smc","龙战士2","smc"
"04-SFC Hack","/roms/04-SFC Hack/242.smc","龙珠Z超武斗传1","smc"
"04-SFC Hack","/roms/04-SFC Hack/243.smc","龙珠Z超武斗传3","smc"
"04-SFC Hack","/roms/04-SFC Hack/244.smc","龙珠Z超悟空传觉醒篇","smc"
"04-SFC Hack","/roms/04-SFC Hack/245.smc","龙珠Z超悟空传突激篇","smc"
"04-SFC Hack","/roms/04-SFC Hack/246.smc","鲁多拉秘宝","smc"
"04-SFC Hack","/roms/04-SFC Hack/247.smc","露卡大冒险","smc"
"04-SFC Hack","/roms/04-SFC Hack/248.smc","乱马 超技乱舞篇","smc"
"04-SFC Hack","/roms/04-SFC Hack/249.smc","乱马 町内激斗篇","smc"
"04-SFC Hack","/roms/04-SFC Hack/250.smc","乱马 朱猫团的财宝","smc"
"04-SFC Hack","/roms/04-SFC Hack/251.smc","洛可的摩登生活","smc"
"04-SFC Hack","/roms/04-SFC Hack/252.smc","洛克人7","smc"
"04-SFC Hack","/roms/04-SFC Hack/253.smc","洛克人X1疯狂版","smc"
"04-SFC Hack","/roms/04-SFC Hack/254.smc","洛克人X2疯狂版","smc"
"04-SFC Hack","/roms/04-SFC Hack/255.smc","洛克人X3疯狂版","smc"
"04-SFC Hack","/roms/04-SFC Hack/256.smc","洛克人与福尔特疯狂版","smc"
"04-SFC Hack","/roms/04-SFC Hack/257.smc","落日骑士","smc"
"04-SFC Hack","/roms/04-SFC Hack/258.smc","旅鼠总动员2","smc"
"04-SFC Hack","/roms/04-SFC Hack/259.smc","绿野仙踪","smc"
"04-SFC Hack","/roms/04-SFC Hack/260.smc","美丽新世界2","smc"
"04-SFC Hack","/roms/04-SFC Hack/261.smc","美女与野兽","smc"
"04-SFC Hack","/roms/04-SFC Hack/262.smc","美少女剑士梅尔","smc"
"04-SFC Hack","/roms/04-SFC Hack/263.smc","美少女梦工场","smc"
"04-SFC Hack","/roms/04-SFC Hack/264.smc","美少女亲卫队","smc"
"04-SFC Hack","/roms/04-SFC Hack/265.smc","美少女战士R","smc"
"04-SFC Hack","/roms/04-SFC Hack/266.smc","美少女战士外传","smc"
"04-SFC Hack","/roms/04-SFC Hack/267.smc","美食战队","smc"
"04-SFC Hack","/roms/04-SFC Hack/268.smc","魅影","smc"
"04-SFC Hack","/roms/04-SFC Hack/269.smc","梦幻模拟战Der","smc"
"04-SFC Hack","/roms/04-SFC Hack/270.smc","米奇狂热","smc"
"04-SFC Hack","/roms/04-SFC Hack/271.smc","秘密行动","smc"
"04-SFC Hack","/roms/04-SFC Hack/272.smc","棉花小魔女","smc"
"04-SFC Hack","/roms/04-SFC Hack/273.smc","灭火英雄","smc"
"04-SFC Hack","/roms/04-SFC Hack/274.smc","名将","smc"
"04-SFC Hack","/roms/04-SFC Hack/275.smc","摩登原始人","smc"
"04-SFC Hack","/roms/04-SFC Hack/276.smc","魔法大进击","smc"
"04-SFC Hack","/roms/04-SFC Hack/277.sfc","魔法剑","sfc"
"04-SFC Hack","/roms/04-SFC Hack/278.smc","魔法骑士雷阿斯","smc"
"04-SFC Hack","/roms/04-SFC Hack/279.smc","魔法师","smc"
"04-SFC Hack","/roms/04-SFC Hack/280.smc","魔法提琴手","smc"
"04-SFC Hack","/roms/04-SFC Hack/281.smc","魔法与剑","smc"
"04-SFC Hack","/roms/04-SFC Hack/282.smc","魔剑道1","smc"
"04-SFC Hack","/roms/04-SFC Hack/283.smc","魔剑道2","smc"
"04-SFC Hack","/roms/04-SFC Hack/284.smc","魔剑道2简化","smc"
"04-SFC Hack","/roms/04-SFC Hack/285.smc","魔界村外传 纹章篇","smc"
"04-SFC Hack","/roms/04-SFC Hack/286.smc","魔界佣兵2","smc"
"04-SFC Hack","/roms/04-SFC Hack/287.smc","魔力小马","smc"
"04-SFC Hack","/roms/04-SFC Hack/288.smc","魔神转生1","smc"
"04-SFC Hack","/roms/04-SFC Hack/289.smc","魔神转生2","smc"
"04-SFC Hack","/roms/04-SFC Hack/290.smc","魔兽大战","smc"
"04-SFC Hack","/roms/04-SFC Hack/291.smc","魔兽王","smc"
"04-SFC Hack","/roms/04-SFC Hack/292.smc","魔天传说","smc"
"04-SFC Hack","/roms/04-SFC Hack/293.smc","魔装机神","smc"
"04-SFC Hack","/roms/04-SFC Hack/294.smc","牧场物语","smc"
"04-SFC Hack","/roms/04-SFC Hack/295.smc","南国少年","smc"
"04-SFC Hack","/roms/04-SFC Hack/296.smc","女子学园社团战记","smc"
"04-SFC Hack","/roms/04-SFC Hack/297.sfc","庞克勇士","sfc"
"04-SFC Hack","/roms/04-SFC Hack/298.smc","泡泡龙","smc"
"04-SFC Hack","/roms/04-SFC Hack/299.smc","皮克急速大冒险","smc"
"04-SFC Hack","/roms/04-SFC Hack/300.smc","奇多豹野外大冒险","smc"
"04-SFC Hack","/roms/04-SFC Hack/301.smc","奇奇怪界1","smc"
"04-SFC Hack","/roms/04-SFC Hack/302.smc","奇奇怪界2","smc"
"04-SFC Hack","/roms/04-SFC Hack/303.smc","前线任务","smc"
"04-SFC Hack","/roms/04-SFC Hack/304.smc","全日本GT赛车","smc"
"04-SFC Hack","/roms/04-SFC Hack/305.smc","热血大陆","smc"
"04-SFC Hack","/roms/04-SFC Hack/306.smc","忍者龙剑传巴","smc"
"04-SFC Hack","/roms/04-SFC Hack/307.smc","忍者神龟4","smc"
"04-SFC Hack","/roms/04-SFC Hack/308.smc","忍者蛙与双截龙","smc"
"04-SFC Hack","/roms/04-SFC Hack/309.smc","忍者战士牙","smc"
"04-SFC Hack","/roms/04-SFC Hack/310.smc","如梦似幻","smc"
"04-SFC Hack","/roms/04-SFC Hack/311.sfc","塞尔达传说","sfc"
"04-SFC Hack","/roms/04-SFC Hack/312.smc","赛马大亨2","smc"
"04-SFC Hack","/roms/04-SFC Hack/313.smc","赛马英雄","smc"
"04-SFC Hack","/roms/04-SFC Hack/314.smc","三国志3","smc"
"04-SFC Hack","/roms/04-SFC Hack/315.smc","三国志4","smc"
"04-SFC Hack","/roms/04-SFC Hack/316.smc","三国志英杰传","smc"
"04-SFC Hack","/roms/04-SFC Hack/317.smc","三星幻界","smc"
"04-SFC Hack","/roms/04-SFC Hack/318.smc","沙克传说","smc"
"04-SFC Hack","/roms/04-SFC Hack/319.smc","沙漠风暴","smc"
"04-SFC Hack","/roms/04-SFC Hack/320.smc","闪电出击","smc"
"04-SFC Hack","/roms/04-SFC Hack/321.smc","闪灵悍将","smc"
"04-SFC Hack","/roms/04-SFC Hack/322.smc","赏金剑客","smc"
"04-SFC Hack","/roms/04-SFC Hack/323.smc","上海3","smc"
"04-SFC Hack","/roms/04-SFC Hack/324.smc","少年邦德","smc"
"04-SFC Hack","/roms/04-SFC Hack/325.smc","少年忍者佐助","smc"
"04-SFC Hack","/roms/04-SFC Hack/326.smc","神秘的约柜","smc"
"04-SFC Hack","/roms/04-SFC Hack/327.smc","神奇女孩","smc"
"04-SFC Hack","/roms/04-SFC Hack/328.smc","神圣纪2","smc"
"04-SFC Hack","/roms/04-SFC Hack/329.smc","神探加吉特","smc"
"04-SFC Hack","/roms/04-SFC Hack/330.smc","生化金属战机","smc"
"04-SFC Hack","/roms/04-SFC Hack/331.smc","圣诞老人大进击","smc"
"04-SFC Hack","/roms/04-SFC Hack/332.smc","圣剑传说2","smc"
"04-SFC Hack","/roms/04-SFC Hack/333.smc","圣剑传说3","smc"
"04-SFC Hack","/roms/04-SFC Hack/334.smc","圣灵珠传说2","smc"
"04-SFC Hack","/roms/04-SFC Hack/335.smc","狮子王","smc"
"04-SFC Hack","/roms/04-SFC Hack/336.smc","时空特警","smc"
"04-SFC Hack","/roms/04-SFC Hack/337.sfc","时空勇士","sfc"
"04-SFC Hack","/roms/04-SFC Hack/338.smc","实况足球2","smc"
"04-SFC Hack","/roms/04-SFC Hack/339.smc","史记英雄传","smc"
"04-SFC Hack","/roms/04-SFC Hack/340.smc","史莱姆大冒险","smc"
"04-SFC Hack","/roms/04-SFC Hack/341.smc","树帝战记","smc"
"04-SFC Hack","/roms/04-SFC Hack/342.smc","双截龙格斗","smc"
"04-SFC Hack","/roms/04-SFC Hack/343.smc","双截龙归来","smc"
"04-SFC Hack","/roms/04-SFC Hack/344.sfc","死亡游戏之电视斗士","sfc"
"04-SFC Hack","/roms/04-SFC Hack/345.smc","四国战机","smc"
"04-SFC Hack","/roms/04-SFC Hack/346.smc","四狂神传说1","smc"
"04-SFC Hack","/roms/04-SFC Hack/347.smc","四狂神传说2","smc"
"04-SFC Hack","/roms/04-SFC Hack/348.smc","松村邦洋传","smc"
"04-SFC Hack","/roms/04-SFC Hack/349.sfc","松鼠大战","sfc"
"04-SFC Hack","/roms/04-SFC Hack/350.smc","太阁立志传","smc"
"04-SFC Hack","/roms/04-SFC Hack/351.sfc","太空争霸 美版","sfc"
"04-SFC Hack","/roms/04-SFC Hack/352.smc","太空争霸 日版","smc"
"04-SFC Hack","/roms/04-SFC Hack/353.smc","唐老鸭魔法之法螺","smc"
"04-SFC Hack","/roms/04-SFC Hack/354.smc","特鲁尼克大冒险","smc"
"04-SFC Hack","/roms/04-SFC Hack/355.smc","踢克超人","smc"
"04-SFC Hack","/roms/04-SFC Hack/356.smc","提督的决断2","smc"
"04-SFC Hack","/roms/04-SFC Hack/357.sfc","天地创造","sfc"
"04-SFC Hack","/roms/04-SFC Hack/358.smc","天地无用","smc"
"04-SFC Hack","/roms/04-SFC Hack/359.smc","天龙斩","smc"
"04-SFC Hack","/roms/04-SFC Hack/360.smc","天使之诗","smc"
"04-SFC Hack","/roms/04-SFC Hack/361.smc","天使之翼3","smc"
"04-SFC Hack","/roms/04-SFC Hack/362.smc","天使之翼4","smc"
"04-SFC Hack","/roms/04-SFC Hack/363.smc","天使之翼5","smc"
"04-SFC Hack","/roms/04-SFC Hack/364.smc","条码战记战士出击","smc"
"04-SFC Hack","/roms/04-SFC Hack/365.smc","铁臂阿童木","smc"
"04-SFC Hack","/roms/04-SFC Hack/366.smc","铁钩船长","smc"
"04-SFC Hack","/roms/04-SFC Hack/367.sfc","兔八哥篮球","sfc"
"04-SFC Hack","/roms/04-SFC Hack/368.smc","兔宝宝大冒险","smc"
"04-SFC Hack","/roms/04-SFC Hack/369.smc","外星大眼小蜜蜂","smc"
"04-SFC Hack","/roms/04-SFC Hack/370.smc","外星大眼小蜜蜂强化","smc"
"04-SFC Hack","/roms/04-SFC Hack/371.smc","玩具总动员","smc"
"04-SFC Hack","/roms/04-SFC Hack/372.smc","万能麦斯","smc"
"04-SFC Hack","/roms/04-SFC Hack/373.smc","魍魉战记2","smc"
"04-SFC Hack","/roms/04-SFC Hack/374.sfc","未来骑警R2","sfc"
"04-SFC Hack","/roms/04-SFC Hack/375.smc","未来水世界","smc"
"04-SFC Hack","/roms/04-SFC Hack/376.smc","无敌铁金刚Z","smc"
"04-SFC Hack","/roms/04-SFC Hack/377.smc","无路可退","smc"
"04-SFC Hack","/roms/04-SFC Hack/378.smc","无人岛物语","smc"
"04-SFC Hack","/roms/04-SFC Hack/379.smc","邪鬼破坏弹珠台","smc"
"04-SFC Hack","/roms/04-SFC Hack/380.smc","辛普森霸子的幻想","smc"
"04-SFC Hack","/roms/04-SFC Hack/381.smc","新SD战国传大将军列传","smc"
"04-SFC Hack","/roms/04-SFC Hack/382.smc","新机动战记高达W","smc"
"04-SFC Hack","/roms/04-SFC Hack/383.smc","新热血硬派国夫的挽歌","smc"
"04-SFC Hack","/roms/04-SFC Hack/384.smc","星际之门","smc"
"04-SFC Hack","/roms/04-SFC Hack/385.sfc","修罗战士钢","sfc"
"04-SFC Hack","/roms/04-SFC Hack/386.smc","秀逗泰山","smc"
"04-SFC Hack","/roms/04-SFC Hack/387.smc","押忍空手部","smc"
"04-SFC Hack","/roms/04-SFC Hack/388.smc","押忍空手部简化","smc"
"04-SFC Hack","/roms/04-SFC Hack/389.smc","亚克斯传说","smc"
"04-SFC Hack","/roms/04-SFC Hack/390.smc","亚蒙世界","smc"
"04-SFC Hack","/roms/04-SFC Hack/391.smc","亚瑟王 骑士传说","smc"
"04-SFC Hack","/roms/04-SFC Hack/392.smc","岩球先生","smc"
"04-SFC Hack","/roms/04-SFC Hack/393.smc","摇滚赛车","smc"
"04-SFC Hack","/roms/04-SFC Hack/394.smc","野外大赛车","smc"
"04-SFC Hack","/roms/04-SFC Hack/395.smc","伊莉雅","smc"
"04-SFC Hack","/roms/04-SFC Hack/396.smc","伊苏3","smc"
"04-SFC Hack","/roms/04-SFC Hack/397.smc","伊苏4","smc"
"04-SFC Hack","/roms/04-SFC Hack/398.smc","伊苏5","smc"
"04-SFC Hack","/roms/04-SFC Hack/399.smc","异次元来访者","smc"
"04-SFC Hack","/roms/04-SFC Hack/400.smc","异神战士","smc"
"04-SFC Hack","/roms/04-SFC Hack/401.smc","异形3","smc"
"04-SFC Hack","/roms/04-SFC Hack/402.smc","异形战机3","smc"
"04-SFC Hack","/roms/04-SFC Hack/403.smc","音速超人1","smc"
"04-SFC Hack","/roms/04-SFC Hack/404.smc","音速超人2","smc"
"04-SFC Hack","/roms/04-SFC Hack/405.smc","银河风暴","smc"
"04-SFC Hack","/roms/04-SFC Hack/406.smc","银河骑兵机器人","smc"
"04-SFC Hack","/roms/04-SFC Hack/407.smc","英雄传说2","smc"
"04-SFC Hack","/roms/04-SFC Hack/408.smc","英雄圣战1","smc"
"04-SFC Hack","/roms/04-SFC Hack/409.smc","英雄圣战2","smc"
"04-SFC Hack","/roms/04-SFC Hack/410.smc","永恒的秘密","smc"
"04-SFC Hack","/roms/04-SFC Hack/411.smc","永远的蝙蝠侠","smc"
"04-SFC Hack","/roms/04-SFC Hack/412.smc","永远的法莲娜","smc"
"04-SFC Hack","/roms/04-SFC Hack/413.smc","勇者斗恶龙1+2","smc"
"04-SFC Hack","/roms/04-SFC Hack/414.smc","勇者斗恶龙5","smc"
"04-SFC Hack","/roms/04-SFC Hack/415.smc","勇者斗恶龙6","smc"
"04-SFC Hack","/roms/04-SFC Hack/416.smc","勇者机器人","smc"
"04-SFC Hack","/roms/04-SFC Hack/417.smc","幽浮假面战士","smc"
"04-SFC Hack","/roms/04-SFC Hack/418.sfc","幽游白书2","sfc"
"04-SFC Hack","/roms/04-SFC Hack/419.smc","幽游白书终篇","smc"
"04-SFC Hack","/roms/04-SFC Hack/420.smc","幽游白书终篇简化","smc"
"04-SFC Hack","/roms/04-SFC Hack/421.smc","宇宙骑士","smc"
"04-SFC Hack","/roms/04-SFC Hack/422.smc","宇宙巡航机3","smc"
"04-SFC Hack","/roms/04-SFC Hack/423.smc","育龙战记2","smc"
"04-SFC Hack","/roms/04-SFC Hack/424.smc","育马物语2","smc"
"04-SFC Hack","/roms/04-SFC Hack/425.sfc","原始人大进击","sfc"
"04-SFC Hack","/roms/04-SFC Hack/426.smc","圆桌骑士","smc"
"04-SFC Hack","/roms/04-SFC Hack/427.smc","炸弹动物大会","smc"
"04-SFC Hack","/roms/04-SFC Hack/428.smc","战斗机器人烈传","smc"
"04-SFC Hack","/roms/04-SFC Hack/429.smc","战斗原始人1","smc"
"04-SFC Hack","/roms/04-SFC Hack/430.smc","战斗原始人2","smc"
"04-SFC Hack","/roms/04-SFC Hack/431.sfc","战斗原始人3","sfc"
"04-SFC Hack","/roms/04-SFC Hack/432.smc","战国传承","smc"
"04-SFC Hack","/roms/04-SFC Hack/433.smc","战区88","smc"
"04-SFC Hack","/roms/04-SFC Hack/434.smc","真女神转生2","smc"
"04-SFC Hack","/roms/04-SFC Hack/435.smc","真女神转生IF","smc"
"04-SFC Hack","/roms/04-SFC Hack/436.smc","真实的谎言","smc"
"04-SFC Hack","/roms/04-SFC Hack/437.smc","真一获千金","smc"
"04-SFC Hack","/roms/04-SFC Hack/438.smc","正义的纹章","smc"
"04-SFC Hack","/roms/04-SFC Hack/439.smc","正义联盟特遣部队","smc"
"04-SFC Hack","/roms/04-SFC Hack/440.smc","织田信长","smc"
"04-SFC Hack","/roms/04-SFC Hack/441.smc","蜘蛛侠","smc"
"04-SFC Hack","/roms/04-SFC Hack/442.smc","蜘蛛侠与X战警","smc"
"04-SFC Hack","/roms/04-SFC Hack/443.smc","蜘蛛侠与毒液","smc"
"04-SFC Hack","/roms/04-SFC Hack/444.smc","直到世界末日","smc"
"04-SFC Hack","/roms/04-SFC Hack/445.smc","制服传说","smc"
"04-SFC Hack","/roms/04-SFC Hack/446.smc","致命武器","smc"
"04-SFC Hack","/roms/04-SFC Hack/447.smc","终结者2","smc"
"04-SFC Hack","/roms/04-SFC Hack/448.sfc","重装机兵2","sfc"
"04-SFC Hack","/roms/04-SFC Hack/449.smc","重装机兵R","smc"
"04-SFC Hack","/roms/04-SFC Hack/450.smc","重装机兵R0.96红狼纪念版","smc"
"04-SFC Hack","/roms/04-SFC Hack/451.smc","重装机兵R商店修改","smc"
"04-SFC Hack","/roms/04-SFC Hack/452.smc","重装机兵R最强之魂","smc"
"04-SFC Hack","/roms/04-SFC Hack/453.smc","重装机兵瓦尔肯","smc"
"04-SFC Hack","/roms/04-SFC Hack/454.smc","重装战机","smc"
"04-SFC Hack","/roms/04-SFC Hack/455.smc","猪小弟的万圣节冒险","smc"
"04-SFC Hack","/roms/04-SFC Hack/456.smc","资讯骑士2","smc"
"04-SFC Hack","/roms/04-SFC Hack/457.smc","紫炎","smc"
"04-SFC Hack","/roms/04-SFC Hack/458.smc","足球小子","smc"
"04-SFC Hack","/roms/04-SFC Hack/459.smc","最后的圣经3","smc"
"04-SFC Hack","/roms/04-SFC Hack/460.smc","最后决战","smc"
"04-SFC Hack","/roms/04-SFC Hack/461.smc","最终幻想4","smc"
"04-SFC Hack","/roms/04-SFC Hack/462.smc","最终幻想5","smc"
"04-SFC Hack","/roms/04-SFC Hack/463.smc","最终幻想6","smc"
"05-MD Hack","/roms/05-MD Hack/1.md","JUJU传说","md"
"05-MD Hack","/roms/05-MD Hack/2.md","Mazin传说","md"
"05-MD Hack","/roms/05-MD Hack/3.gen","Q版超能力美少女","gen"
"05-MD Hack","/roms/05-MD Hack/4.md","X战警","md"
"05-MD Hack","/roms/05-MD Hack/5.gen","阿拉丁","gen"
"05-MD Hack","/roms/05-MD Hack/6.md","阿莉莎之龙","md"
"05-MD Hack","/roms/05-MD Hack/7.md","暴风战机","md"
"05-MD Hack","/roms/05-MD Hack/8.md","暴力克星","md"
"05-MD Hack","/roms/05-MD Hack/9.smd","爆裂激战","smd"
"05-MD Hack","/roms/05-MD Hack/10.smd","北斗神拳","smd"
"05-MD Hack","/roms/05-MD Hack/11.md","蝙蝠侠","md"
"05-MD Hack","/roms/05-MD Hack/12.gen","蝙蝠侠与罗宾","gen"
"05-MD Hack","/roms/05-MD Hack/13.md","不朽的巫师","md"
"05-MD Hack","/roms/05-MD Hack/14.smd","彩虹岛","smd"
"05-MD Hack","/roms/05-MD Hack/15.md","超惑星战记2","md"
"05-MD Hack","/roms/05-MD Hack/16.md","超级街头霸王2","md"
"05-MD Hack","/roms/05-MD Hack/17.md","超级忍2","md"
"05-MD Hack","/roms/05-MD Hack/18.md","超级忍2汉化","md"
"05-MD Hack","/roms/05-MD Hack/19.md","超人","md"
"05-MD Hack","/roms/05-MD Hack/20.smd","出击飞龙1","smd"
"05-MD Hack","/roms/05-MD Hack/21.md","出击飞龙2","md"
"05-MD Hack","/roms/05-MD Hack/22.md","大航海时代2","md"
"05-MD Hack","/roms/05-MD Hack/23.smd","大魔界村","smd"
"05-MD Hack","/roms/05-MD Hack/24.md","大旋风","md"
"05-MD Hack","/roms/05-MD Hack/25.md","斗技王","md"
"05-MD Hack","/roms/05-MD Hack/26.md","哆啦A梦","md"
"05-MD Hack","/roms/05-MD Hack/27.md","恶魔城","md"
"05-MD Hack","/roms/05-MD Hack/28.md","风暴丛林","md"
"05-MD Hack","/roms/05-MD Hack/29.md","风暴都市","md"
"05-MD Hack","/roms/05-MD Hack/30.md","风暴沙漠","md"
"05-MD Hack","/roms/05-MD Hack/31.md","疯狂潜入者","md"
"05-MD Hack","/roms/05-MD Hack/32.md","腐尸之屋2","md"
"05-MD Hack","/roms/05-MD Hack/33.gen","腐尸之屋3","gen"
"05-MD Hack","/roms/05-MD Hack/34.smd","腐尸之屋3强化","smd"
"05-MD Hack","/roms/05-MD Hack/35.md","复仇之刃","md"
"05-MD Hack","/roms/05-MD Hack/36.md","盖亚战机","md"
"05-MD Hack","/roms/05-MD Hack/37.md","钢铁帝国","md"
"05-MD Hack","/roms/05-MD Hack/38.md","高飞狗的惊异之旅","md"
"05-MD Hack","/roms/05-MD Hack/39.gen","怪物世界4","gen"
"05-MD Hack","/roms/05-MD Hack/40.md","怪物世界4强化","md"
"05-MD Hack","/roms/05-MD Hack/41.md","光明力量1-诸神之遗产","md"
"05-MD Hack","/roms/05-MD Hack/42.md","光明力量2-古代之封印","md"
"05-MD Hack","/roms/05-MD Hack/43.md","光明十字军","md"
"05-MD Hack","/roms/05-MD Hack/44.gen","海滩冲浪者","gen"
"05-MD Hack","/roms/05-MD Hack/45.md","黑水海盗","md"
"05-MD Hack","/roms/05-MD Hack/46.md","红色地带","md"
"05-MD Hack","/roms/05-MD Hack/47.md","花式撞球","md"
"05-MD Hack","/roms/05-MD Hack/48.md","皇帝的财宝","md"
"05-MD Hack","/roms/05-MD Hack/49.md","毁灭骑兵","md"
"05-MD Hack","/roms/05-MD Hack/50.md","混乱引擎","md"
"05-MD Hack","/roms/05-MD Hack/51.md","火箭骑士","md"
"05-MD Hack","/roms/05-MD Hack/52.md","火枪英雄","md"
"05-MD Hack","/roms/05-MD Hack/53.md","机械战警3","md"
"05-MD Hack","/roms/05-MD Hack/54.md","吉姆大显神威","md"
"05-MD Hack","/roms/05-MD Hack/55.md","交叉火力","md"
"05-MD Hack","/roms/05-MD Hack/56.md","鲛鲛鲛","md"
"05-MD Hack","/roms/05-MD Hack/57.md","孔雀王2","md"
"05-MD Hack","/roms/05-MD Hack/58.md","孔雀王2中文强化","md"
"05-MD Hack","/roms/05-MD Hack/59.md","雷电战机","md"
"05-MD Hack","/roms/05-MD Hack/60.md","雷狐行动","md"
"05-MD Hack","/roms/05-MD Hack/61.gen","邻居不是人","gen"
"05-MD Hack","/roms/05-MD Hack/62.md","灵魂战机","md"
"05-MD Hack","/roms/05-MD Hack/63.md","零翼战机","md"
"05-MD Hack","/roms/05-MD Hack/64.smd","龙虎之拳","smd"
"05-MD Hack","/roms/05-MD Hack/65.md","蚂蚁骑士","md"
"05-MD Hack","/roms/05-MD Hack/66.md","迈克尔杰克逊月球漫步","md"
"05-MD Hack","/roms/05-MD Hack/67.md","麦当劳财宝乐园","md"
"05-MD Hack","/roms/05-MD Hack/68.gen","脉冲超人","gen"
"05-MD Hack","/roms/05-MD Hack/69.gen","漫画地带","gen"
"05-MD Hack","/roms/05-MD Hack/70.md","美少女战士","md"
"05-MD Hack","/roms/05-MD Hack/71.md","蒙纳克皇族","md"
"05-MD Hack","/roms/05-MD Hack/72.md","梦幻模拟战1简易版","md"
"05-MD Hack","/roms/05-MD Hack/73.md","梦幻模拟战2","md"
"05-MD Hack","/roms/05-MD Hack/74.md","梦幻模拟战2简易版","md"
"05-MD Hack","/roms/05-MD Hack/75.md","梦幻战士1","md"
"05-MD Hack","/roms/05-MD Hack/76.md","梦幻战士3","md"
"05-MD Hack","/roms/05-MD Hack/77.md","米老鼠幻影城堡","md"
"05-MD Hack","/roms/05-MD Hack/78.gen","魔导物语","gen"
"05-MD Hack","/roms/05-MD Hack/79.md","魔物猎人妖子","md"
"05-MD Hack","/roms/05-MD Hack/80.md","鸟人战机","md"
"05-MD Hack","/roms/05-MD Hack/81.md","怒之铁拳1","md"
"05-MD Hack","/roms/05-MD Hack/82.md","怒之铁拳2 Ultra2019","md"
"05-MD Hack","/roms/05-MD Hack/83.md","怒之铁拳2 汉娜版","md"
"05-MD Hack","/roms/05-MD Hack/84.md","怒之铁拳2 街霸4大天王版","md"
"05-MD Hack","/roms/05-MD Hack/85.md","怒之铁拳2 快打旋风版","md"
"05-MD Hack","/roms/05-MD Hack/86.gen","怒之铁拳2 裸版","gen"
"05-MD Hack","/roms/05-MD Hack/87.md","怒之铁拳2 美少女战士版","md"
"05-MD Hack","/roms/05-MD Hack/88.md","怒之铁拳2 女格斗士","md"
"05-MD Hack","/roms/05-MD Hack/89.md","怒之铁拳2 女孩天堂全屏","md"
"05-MD Hack","/roms/05-MD Hack/90.md","怒之铁拳2 夏尔米版","md"
"05-MD Hack","/roms/05-MD Hack/91.md","怒之铁拳2 英雄出击","md"
"05-MD Hack","/roms/05-MD Hack/92.md","怒之铁拳2 真人快打版","md"
"05-MD Hack","/roms/05-MD Hack/93.md","怒之铁拳2 终极斗士","md"
"05-MD Hack","/roms/05-MD Hack/94.smd","怒之铁拳3 7人无敌","smd"
"05-MD Hack","/roms/05-MD Hack/95.md","怒之铁拳3 机关版","md"
"05-MD Hack","/roms/05-MD Hack/96.md","怒之铁拳3 战斗狂怒版","md"
"05-MD Hack","/roms/05-MD Hack/97.md","泡泡与史威克","md"
"05-MD Hack","/roms/05-MD Hack/98.gen","蚯蚓战士2","gen"
"05-MD Hack","/roms/05-MD Hack/99.md","忍者神龟 斯莱德的再次复仇 黄帽版","md"
"05-MD Hack","/roms/05-MD Hack/100.md","忍者神龟 斯莱德的再次复仇","md"
"05-MD Hack","/roms/05-MD Hack/101.md","忍者神龟","md"
"05-MD Hack","/roms/05-MD Hack/102.md","忍者蛙与双截龙","md"
"05-MD Hack","/roms/05-MD Hack/103.md","忍者蛙与双截龙强化","md"
"05-MD Hack","/roms/05-MD Hack/104.md","三国志3","md"
"05-MD Hack","/roms/05-MD Hack/105.gen","森林守护者","gen"
"05-MD Hack","/roms/05-MD Hack/106.md","森林王子","md"
"05-MD Hack","/roms/05-MD Hack/107.md","杀虫战记","md"
"05-MD Hack","/roms/05-MD Hack/108.md","闪电出击2","md"
"05-MD Hack","/roms/05-MD Hack/109.md","闪电出击3","md"
"05-MD Hack","/roms/05-MD Hack/110.gen","闪电出击4","gen"
"05-MD Hack","/roms/05-MD Hack/111.md","神圣战机","md"
"05-MD Hack","/roms/05-MD Hack/112.md","生化战机","md"
"05-MD Hack","/roms/05-MD Hack/113.gen","失落的世界","gen"
"05-MD Hack","/roms/05-MD Hack/114.gen","狮子王","gen"
"05-MD Hack","/roms/05-MD Hack/115.smd","时空异变","smd"
"05-MD Hack","/roms/05-MD Hack/116.md","世嘉银河战士","md"
"05-MD Hack","/roms/05-MD Hack/117.md","水浒风云传","md"
"05-MD Hack","/roms/05-MD Hack/118.md","死之迷宫","md"
"05-MD Hack","/roms/05-MD Hack/119.md","松鼠鲁兹","md"
"05-MD Hack","/roms/05-MD Hack/120.smd","索尼克3D","smd"
"05-MD Hack","/roms/05-MD Hack/121.gen","天使之翼","gen"
"05-MD Hack","/roms/05-MD Hack/122.md","铁钩船长","md"
"05-MD Hack","/roms/05-MD Hack/123.md","兔宝宝历险记","md"
"05-MD Hack","/roms/05-MD Hack/124.gen","午夜出击","gen"
"05-MD Hack","/roms/05-MD Hack/125.md","武者ALESTE","md"
"05-MD Hack","/roms/05-MD Hack/126.md","武装刑警ESWAT","md"
"05-MD Hack","/roms/05-MD Hack/127.md","新创世纪","md"
"05-MD Hack","/roms/05-MD Hack/128.md","星际枪骑兵","md"
"05-MD Hack","/roms/05-MD Hack/129.gen","幸运兄弟","gen"
"05-MD Hack","/roms/05-MD Hack/130.md","旋风狗泰兹","md"
"05-MD Hack","/roms/05-MD Hack/131.md","旋风女战士","md"
"05-MD Hack","/roms/05-MD Hack/132.md","雪人兄弟","md"
"05-MD Hack","/roms/05-MD Hack/133.smd","杨家将","smd"
"05-MD Hack","/roms/05-MD Hack/134.md","野马战机","md"
"05-MD Hack","/roms/05-MD Hack/135.md","异形3","md"
"05-MD Hack","/roms/05-MD Hack/136.md","异形风暴","md"
"05-MD Hack","/roms/05-MD Hack/137.md","异形战士","md"
"05-MD Hack","/roms/05-MD Hack/138.md","异形战士汉化版","md"
"05-MD Hack","/roms/05-MD Hack/139.md","翼人","md"
"05-MD Hack","/roms/05-MD Hack/140.md","元素支配者","md"
"05-MD Hack","/roms/05-MD Hack/141.md","战场之狼","md"
"05-MD Hack","/roms/05-MD Hack/142.md","战斗玛利亚","md"
"05-MD Hack","/roms/05-MD Hack/143.md","战斗原始人","md"
"05-MD Hack","/roms/05-MD Hack/144.md","真实的谎言","md"
"05-MD Hack","/roms/05-MD Hack/145.md","终结者2","md"
"05-MD Hack","/roms/05-MD Hack/146.md","捉虫英雄","md"
"05-MD Hack","/roms/05-MD Hack/147.md","捉鬼敢死队","md"
"06-PCE-CD","/roms/06-PCE-CD/1.chd","Gotzendiener","chd"
"06-PCE-CD","/roms/06-PCE-CD/2.chd","PC 电人","chd"
"06-PCE-CD","/roms/06-PCE-CD/3.chd","埃尔迪斯","chd"
"06-PCE-CD","/roms/06-PCE-CD/4.chd","爱超兄贵","chd"
"06-PCE-CD","/roms/06-PCE-CD/5.chd","彩虹岛","chd"
"06-PCE-CD","/roms/06-PCE-CD/6.chd","超兄贵","chd"
"06-PCE-CD","/roms/06-PCE-CD/7.chd","地下城探索者2","chd"
"06-PCE-CD","/roms/06-PCE-CD/8.chd","哆啦A梦大雄的天方夜谭","chd"
"06-PCE-CD","/roms/06-PCE-CD/9.chd","堕落之王","chd"
"06-PCE-CD","/roms/06-PCE-CD/10.chd","恶魔城 X 血之轮回","chd"
"06-PCE-CD","/roms/06-PCE-CD/11.chd","风之传说","chd"
"06-PCE-CD","/roms/06-PCE-CD/12.chd","疯狂猎杀者","chd"
"06-PCE-CD","/roms/06-PCE-CD/13.chd","怪物男孩与被诅咒的王国","chd"
"06-PCE-CD","/roms/06-PCE-CD/14.chd","雷霆之门","chd"
"06-PCE-CD","/roms/06-PCE-CD/15.chd","魔法冒险","chd"
"06-PCE-CD","/roms/06-PCE-CD/16.chd","魔鬼气球","chd"
"06-PCE-CD","/roms/06-PCE-CD/17.chd","世界末日","chd"
"06-PCE-CD","/roms/06-PCE-CD/18.chd","世界勇者 双麟儿","chd"
"06-PCE-CD","/roms/06-PCE-CD/19.chd","式神之城","chd"
"06-PCE-CD","/roms/06-PCE-CD/20.chd","双截龙2复仇","chd"
"06-PCE-CD","/roms/06-PCE-CD/21.chd","星际战士帕罗","chd"
"06-PCE-CD","/roms/06-PCE-CD/22.chd","伊苏 1+2","chd"
"06-PCE-CD","/roms/06-PCE-CD/23.chd","伊苏4","chd"
"06-PCE-CD","/roms/06-PCE-CD/24.chd","银河妇警","chd"
"06-PCE-CD","/roms/06-PCE-CD/25.chd","银河刑事","chd"
"06-PCE","/roms/06-PCE/1.pce","1941","pce"
"06-PCE","/roms/06-PCE/2.pce","1943改","pce"
"06-PCE","/roms/06-PCE/3.pce","F1大赛车","pce"
"06-PCE","/roms/06-PCE/4.pce","F1竞技场92 音速","pce"
"06-PCE","/roms/06-PCE/5.pce","PC电人","pce"
"06-PCE","/roms/06-PCE/6.pce","PC原人1","pce"
"06-PCE","/roms/06-PCE/7.pce","PC原人2","pce"
"06-PCE","/roms/06-PCE/8.pce","PC原人3","pce"
"06-PCE","/roms/06-PCE/9.pce","Q版沙罗曼蛇","pce"
"06-PCE","/roms/06-PCE/10.pce","爆笑人","pce"
"06-PCE","/roms/06-PCE/11.pce","兵蜂","pce"
"06-PCE","/roms/06-PCE/12.pce","超级网球","pce"
"06-PCE","/roms/06-PCE/13.pce","超级星际战士","pce"
"06-PCE","/roms/06-PCE/14.pce","成龙之龙","pce"
"06-PCE","/roms/06-PCE/15.pce","城市猎人","pce"
"06-PCE","/roms/06-PCE/16.pce","吃豆人","pce"
"06-PCE","/roms/06-PCE/17.pce","冲破火网2","pce"
"06-PCE","/roms/06-PCE/18.pce","大地纹章","pce"
"06-PCE","/roms/06-PCE/19.pce","大魔界村","pce"
"06-PCE","/roms/06-PCE/20.pce","大旋风","pce"
"06-PCE","/roms/06-PCE/21.pce","地狱之旅","pce"
"06-PCE","/roms/06-PCE/22.pce","电脑小奇侠","pce"
"06-PCE","/roms/06-PCE/23.pce","都市计划","pce"
"06-PCE","/roms/06-PCE/24.pce","夺命战士2","pce"
"06-PCE","/roms/06-PCE/25.pce","飞装骑兵","pce"
"06-PCE","/roms/06-PCE/26.pce","腐尸之屋","pce"
"06-PCE","/roms/06-PCE/27.pce","改造超人1","pce"
"06-PCE","/roms/06-PCE/28.pce","改造超人2","pce"
"06-PCE","/roms/06-PCE/29.pce","工人战记","pce"
"06-PCE","/roms/06-PCE/30.pce","功夫","pce"
"06-PCE","/roms/06-PCE/31.pce","虎之路","pce"
"06-PCE","/roms/06-PCE/32.pce","户外大飙车","pce"
"06-PCE","/roms/06-PCE/33.pce","机战兵团","pce"
"06-PCE","/roms/06-PCE/34.pce","街头霸王2 冠军版","pce"
"06-PCE","/roms/06-PCE/35.pce","究极虎","pce"
"06-PCE","/roms/06-PCE/36.pce","卡达叙传说","pce"
"06-PCE","/roms/06-PCE/37.pce","空中火狐","pce"
"06-PCE","/roms/06-PCE/38.pce","雷电","pce"
"06-PCE","/roms/06-PCE/39.pce","龙魂","pce"
"06-PCE","/roms/06-PCE/40.pce","龙之刃","pce"
"06-PCE","/roms/06-PCE/41.pce","冒险岛","pce"
"06-PCE","/roms/06-PCE/42.pce","美国职业篮球","pce"
"06-PCE","/roms/06-PCE/43.pce","梦幻战机","pce"
"06-PCE","/roms/06-PCE/44.pce","迷宫塔","pce"
"06-PCE","/roms/06-PCE/45.pce","魔动王","pce"
"06-PCE","/roms/06-PCE/46.pce","魔洞战记","pce"
"06-PCE","/roms/06-PCE/47.pce","魔法大追击","pce"
"06-PCE","/roms/06-PCE/48.pce","魔境传说1","pce"
"06-PCE","/roms/06-PCE/49.pce","魔境传说2","pce"
"06-PCE","/roms/06-PCE/50.pce","魔神英雄传","pce"
"06-PCE","/roms/06-PCE/51.pce","女武神传说","pce"
"06-PCE","/roms/06-PCE/52.pce","欧坦救美","pce"
"06-PCE","/roms/06-PCE/53.pce","霹雳风云","pce"
"06-PCE","/roms/06-PCE/54.pce","霹雳游侠","pce"
"06-PCE","/roms/06-PCE/55.pce","凄狂传说","pce"
"06-PCE","/roms/06-PCE/56.pce","奇奇怪界","pce"
"06-PCE","/roms/06-PCE/57.pce","青色杜马","pce"
"06-PCE","/roms/06-PCE/58.pce","燃烧天使","pce"
"06-PCE","/roms/06-PCE/59.pce","热血高校躲避球部 PC番外篇","pce"
"06-PCE","/roms/06-PCE/60.pce","热血高校躲避球部 PC足球篇","pce"
"06-PCE","/roms/06-PCE/61.pce","忍者龙剑传","pce"
"06-PCE","/roms/06-PCE/62.pce","沙罗曼蛇","pce"
"06-PCE","/roms/06-PCE/63.pce","射击天狗","pce"
"06-PCE","/roms/06-PCE/64.pce","神奇女孩","pce"
"06-PCE","/roms/06-PCE/65.pce","世界冒险记1","pce"
"06-PCE","/roms/06-PCE/66.pce","世界冒险记2","pce"
"06-PCE","/roms/06-PCE/67.pce","兽王记","pce"
"06-PCE","/roms/06-PCE/68.pce","太极球","pce"
"06-PCE","/roms/06-PCE/69.pce","太空哈利","pce"
"06-PCE","/roms/06-PCE/70.pce","太空侵略者 复活之日","pce"
"06-PCE","/roms/06-PCE/71.pce","太空战斗机Plus","pce"
"06-PCE","/roms/06-PCE/72.pce","汤姆历险记","pce"
"06-PCE","/roms/06-PCE/73.pce","桃太郎传说1 加强版","pce"
"06-PCE","/roms/06-PCE/74.pce","桃太郎传说2","pce"
"06-PCE","/roms/06-PCE/75.pce","西游记2","pce"
"06-PCE","/roms/06-PCE/76.pce","小蜜蜂88","pce"
"06-PCE","/roms/06-PCE/77.pce","邪圣剑","pce"
"06-PCE","/roms/06-PCE/78.pce","新冒险岛","pce"
"06-PCE","/roms/06-PCE/79.pce","血狼","pce"
"06-PCE","/roms/06-PCE/80.pce","妖怪道中记","pce"
"06-PCE","/roms/06-PCE/81.pce","宇宙双鹰","pce"
"06-PCE","/roms/06-PCE/82.pce","宇宙巡航机","pce"
"06-PCE","/roms/06-PCE/83.pce","源平讨魔传系列卷二","pce"
"06-PCE","/roms/06-PCE/84.pce","炸弹人","pce"
"06-PCE","/roms/06-PCE/85.pce","炸弹人93","pce"
"06-PCE","/roms/06-PCE/86.pce","炸弹人94","pce"
"06-PCE","/roms/06-PCE/87.pce","战斗神兵","pce"
"06-PCE","/roms/06-PCE/88.pce","遮阳伞之星","pce"
"06-PCE","/roms/06-PCE/89.pce","终级赛车","pce"
"06-PCE","/roms/06-PCE/90.pce","追踪H.Q","pce"
"06-PCE","/roms/06-PCE/91.pce","最后的忍道","pce"
"06-PCE","/roms/06-PCE/92.pce","最终战机","pce"
"09-N64","/roms/09-N64/1.v64","007黄金眼","v64"
"09-N64","/roms/09-N64/2.n64","1080度滑雪","n64"
"09-N64","/roms/09-N64/3.n64","F1国际赛车大奖赛","n64"
"09-N64","/roms/09-N64/4.n64","班卓熊大冒险1","n64"
"09-N64","/roms/09-N64/5.n64","班卓熊大冒险2","n64"
"09-N64","/roms/09-N64/6.n64","爆破推土机","n64"
"09-N64","/roms/09-N64/7.n64","不可思议的迷宫 风来的西林2 鬼袭来!西林城!","n64"
"09-N64","/roms/09-N64/8.n64","超级机器人大战64","n64"
"09-N64","/roms/09-N64/9.n64","超级杰克龙3","n64"
"09-N64","/roms/09-N64/10.n64","超级杰克龙64","n64"
"09-N64","/roms/09-N64/11.z64","超级马里奥64","z64"
"09-N64","/roms/09-N64/12.n64","大盗伍佑卫门1","n64"
"09-N64","/roms/09-N64/13.n64","大盗伍佑卫门2","n64"
"09-N64","/roms/09-N64/14.n64","大金刚64","n64"
"09-N64","/roms/09-N64/15.n64","迪迪刚赛车","n64"
"09-N64","/roms/09-N64/16.n64","电流急急棒","n64"
"09-N64","/roms/09-N64/17.z64","动物之森","z64"
"09-N64","/roms/09-N64/18.n64","恶魔城 默示录","n64"
"09-N64","/roms/09-N64/19.n64","恶魔城 默示录外传","n64"
"09-N64","/roms/09-N64/20.n64","飞行俱乐部64","n64"
"09-N64","/roms/09-N64/21.n64","格斗传承1","n64"
"09-N64","/roms/09-N64/22.n64","格斗传承2","n64"
"09-N64","/roms/09-N64/23.n64","硅谷太空站","n64"
"09-N64","/roms/09-N64/24.n64","皇家骑士团64","n64"
"09-N64","/roms/09-N64/25.n64","毁灭磁浮赛车64","n64"
"09-N64","/roms/09-N64/26.n64","混沌天堂","n64"
"09-N64","/roms/09-N64/27.n64","火箭 滑轮机器人","n64"
"09-N64","/roms/09-N64/28.n64","恐龙猎人1","n64"
"09-N64","/roms/09-N64/29.n64","恐龙猎人2 邪恶的种子","n64"
"09-N64","/roms/09-N64/30.n64","雷电战机3D","n64"
"09-N64","/roms/09-N64/31.n64","雷曼2 胜利大逃亡","n64"
"09-N64","/roms/09-N64/32.n64","洛克人Dash 钢铁之心","n64"
"09-N64","/roms/09-N64/33.n64","马里奥高尔夫64","n64"
"09-N64","/roms/09-N64/34.v64","马里奥派对64","v64"
"09-N64","/roms/09-N64/35.z64","马里奥赛车64","z64"
"09-N64","/roms/09-N64/36.n64","马里奥网球64","n64"
"09-N64","/roms/09-N64/37.z64","马里奥医生64","z64"
"09-N64","/roms/09-N64/38.n64","魔法米老鼠俄罗斯方块","n64"
"09-N64","/roms/09-N64/39.n64","牧场物语64","n64"
"09-N64","/roms/09-N64/40.n64","喷射力量 双子星","n64"
"09-N64","/roms/09-N64/41.n64","人猿泰山","n64"
"09-N64","/roms/09-N64/42.z64","任天堂明星大乱斗","z64"
"09-N64","/roms/09-N64/43.n64","塞尔达传说 梅祖拉的假面","n64"
"09-N64","/roms/09-N64/44.z64","塞尔达传说 时之笛","z64"
"09-N64","/roms/09-N64/45.n64","山脊赛车64","n64"
"09-N64","/roms/09-N64/46.z64","神奇计划J2 科鲁罗之森的朱赛特","z64"
"09-N64","/roms/09-N64/47.n64","世界车手竞标赛","n64"
"09-N64","/roms/09-N64/48.z64","水上摩托64","z64"
"09-N64","/roms/09-N64/49.n64","松鼠库克倒霉的一天","n64"
"09-N64","/roms/09-N64/50.n64","唐老鸭大冒险 嘎嘎攻击","n64"
"09-N64","/roms/09-N64/51.n64","特技赛车64","n64"
"09-N64","/roms/09-N64/52.n64","跳跳虎的蜂蜜狩猎","n64"
"09-N64","/roms/09-N64/53.n64","完美黑暗","n64"
"09-N64","/roms/09-N64/54.n64","玩具总动员2","n64"
"09-N64","/roms/09-N64/55.n64","围水方块","n64"
"09-N64","/roms/09-N64/56.z64","未来赛车 F-Zero X","z64"
"09-N64","/roms/09-N64/57.n64","新俄罗斯方块","n64"
"09-N64","/roms/09-N64/58.z64","星际火狐64","z64"
"09-N64","/roms/09-N64/59.n64","星际战士 失落的地球","n64"
"09-N64","/roms/09-N64/60.n64","星际争霸64","n64"
"09-N64","/roms/09-N64/61.n64","星球大战 侠盗中队","n64"
"09-N64","/roms/09-N64/62.n64","星之卡比64 水晶碎片","n64"
"09-N64","/roms/09-N64/63.z64","耀西的故事","z64"
"09-N64","/roms/09-N64/64.z64","越野摩托64","z64"
"09-N64","/roms/09-N64/65.n64","炸弹人64 二次冲击","n64"
"09-N64","/roms/09-N64/66.n64","炸弹人64","n64"
"09-N64","/roms/09-N64/67.n64","炸弹人英雄","n64"
"09-N64","/roms/09-N64/68.z64","纸片马里奥","z64"
"09-N64","/roms/09-N64/69.z64","组合机器人","z64"
"09-N64","/roms/09-N64/70.z64","罪与罚 地球的继承者","z64"
"10-NGP","/roms/10-NGP/1.ngc","Neo 21点 皇家赌场系列","ngc"
"10-NGP","/roms/10-NGP/2.ngc","Neo 百家乐 皇家赌场系列","ngc"
"10-NGP","/roms/10-NGP/3.ngc","Neo 老虎机大师 真实赌场系列","ngc"
"10-NGP","/roms/10-NGP/4.ngc","Neo 扑克大师 真实赌场系列","ngc"
"10-NGP","/roms/10-NGP/5.ngc","Neo 赛马大师","ngc"
"10-NGP","/roms/10-NGP/6.ngc","NeoPoke 棒球","ngc"
"10-NGP","/roms/10-NGP/7.ngc","NEO机皇杯足球98 PLUS","ngc"
"10-NGP","/roms/10-NGP/8.ngp","NEO机皇杯足球98","ngp"
"10-NGP","/roms/10-NGP/9.ngp","SNK vs Capcom 卡牌斗士1 CAPCOM篇 汉化版","ngp"
"10-NGP","/roms/10-NGP/10.ngc","SNK vs Capcom 卡牌斗士1 SNK篇 汉化版","ngc"
"10-NGP","/roms/10-NGP/11.ngp","SNK vs Capcom 卡牌斗士2","ngp"
"10-NGP","/roms/10-NGP/12.ngc","SNK vs Capcom 千禧之战 汉化版 HACK","ngc"
"10-NGP","/roms/10-NGP/13.ngc","SNK vs Capcom 千禧之战 汉化版","ngc"
"10-NGP","/roms/10-NGP/14.ngc","コイコイ麻雀","ngc"
"10-NGP","/roms/10-NGP/15.ngc","どこでも麻雀","ngc"
"10-NGP","/roms/10-NGP/16.ngc","棒球之星","ngc"
"10-NGP","/roms/10-NGP/17.ngp","超写真麻将","ngp"
"10-NGP","/roms/10-NGP/18.ngp","吃豆人","ngp"
"10-NGP","/roms/10-NGP/19.ngp","大联盟高尔夫球","ngp"
"10-NGP","/roms/10-NGP/20.ngp","电车GO! 2","ngp"
"10-NGP","/roms/10-NGP/21.ngp","饿狼传说","ngp"
"10-NGP","/roms/10-NGP/22.ngp","法赛雷","ngp"
"10-NGP","/roms/10-NGP/23.ngp","古惑轮滑","ngp"
"10-NGP","/roms/10-NGP/24.ngc","合金弹头 1号任务 HACK","ngc"
"10-NGP","/roms/10-NGP/25.ngc","合金弹头 1号任务","ngc"
"10-NGP","/roms/10-NGP/26.ngc","合金弹头 2号任务 HACK","ngc"
"10-NGP","/roms/10-NGP/27.ngp","合金弹头 2号任务","ngp"
"10-NGP","/roms/10-NGP/28.ngc","黑暗兵器 野兽梦魇 汉化版 HACK","ngc"
"10-NGP","/roms/10-NGP/29.ngc","黑暗兵器 野兽梦魇 汉化版","ngc"
"10-NGP","/roms/10-NGP/30.ngc","皇家骑士团外传  赞诺比亚的皇子 汉化版","ngc"
"10-NGP","/roms/10-NGP/31.ngp","绘画拼图","ngp"
"10-NGP","/roms/10-NGP/32.ngp","机甲世纪1","ngp"
"10-NGP","/roms/10-NGP/33.ngp","机甲世纪2","ngp"
"10-NGP","/roms/10-NGP/34.ngp","加油!NGP君","ngp"
"10-NGP","/roms/10-NGP/35.ngc","将棋达人","ngc"
"10-NGP","/roms/10-NGP/36.ngc","聚会邮扑克","ngc"
"10-NGP","/roms/10-NGP/37.ngp","口袋黑白棋","ngp"
"10-NGP","/roms/10-NGP/38.ngp","口袋酷滑板","ngp"
"10-NGP","/roms/10-NGP/39.ngc","口袋帕青哥必胜法","ngc"
"10-NGP","/roms/10-NGP/40.ngc","口袋帕青嫂王国 Azteca","ngc"
"10-NGP","/roms/10-NGP/41.ngc","口袋帕青嫂王国 Delsol 2","ngc"
"10-NGP","/roms/10-NGP/42.ngc","口袋帕青嫂王国 DH2","ngc"
"10-NGP","/roms/10-NGP/43.ngc","口袋帕青嫂王国 E cup","ngc"
"10-NGP","/roms/10-NGP/44.ngc","口袋帕青嫂王国 Oohanabi","ngc"
"10-NGP","/roms/10-NGP/45.ngc","口袋帕青嫂王国 Porcano 2","ngc"
"10-NGP","/roms/10-NGP/46.ngc","口袋帕青嫂王国 Ward Of Lights","ngc"
"10-NGP","/roms/10-NGP/47.ngp","口袋网球","ngp"
"10-NGP","/roms/10-NGP/48.ngp","酷酷!杰姆","ngp"
"10-NGP","/roms/10-NGP/49.ngp","老虎机","ngp"
"10-NGP","/roms/10-NGP/50.ngp","联结方块1","ngp"
"10-NGP","/roms/10-NGP/51.ngp","联结方块2","ngp"
"10-NGP","/roms/10-NGP/52.ngp","龙之荒野","ngp"
"10-NGP","/roms/10-NGP/53.ngp","洛克人 热斗战士","ngp"
"10-NGP","/roms/10-NGP/54.ngc","迷宫逃脱","ngc"
"10-NGP","/roms/10-NGP/55.ngc","迷你戀情if","ngc"
"10-NGP","/roms/10-NGP/56.ngp","棉花小魔女","ngp"
"10-NGP","/roms/10-NGP/57.ngp","魔法宝石","ngp"
"10-NGP","/roms/10-NGP/58.ngc","目标!汉字王","ngc"
"10-NGP","/roms/10-NGP/59.ngp","泡泡龙","ngp"
"10-NGP","/roms/10-NGP/60.ngp","噗哟噗哟通","ngp"
"10-NGP","/roms/10-NGP/61.ngp","秋之回忆","ngp"
"10-NGP","/roms/10-NGP/62.ngp","拳皇 R1 HACK","ngp"
"10-NGP","/roms/10-NGP/63.ngp","拳皇 R1","ngp"
"10-NGP","/roms/10-NGP/64.ngc","拳皇 R2 HACK","ngc"
"10-NGP","/roms/10-NGP/65.ngc","拳皇 R2","ngc"
"10-NGP","/roms/10-NGP/66.npc","拳皇 少女格斗家 HACK","npc"
"10-NGP","/roms/10-NGP/67.ngp","拳皇 少女格斗家","ngp"
"10-NGP","/roms/10-NGP/68.ngp","拳皇 战斗天堂","ngp"
"10-NGP","/roms/10-NGP/69.ngp","三角变形","ngp"
"10-NGP","/roms/10-NGP/70.ngp","上海","ngp"
"10-NGP","/roms/10-NGP/71.ngp","神机世界 进化","ngp"
"10-NGP","/roms/10-NGP/72.ngp","侍魂1","ngp"
"10-NGP","/roms/10-NGP/73.ngp","侍魂2","ngp"
"10-NGP","/roms/10-NGP/74.ngp","索尼克 口袋冒险","ngp"
"10-NGP","/roms/10-NGP/75.ngc","无限治愈","ngc"
"10-NGP","/roms/10-NGP/76.ngp","下潜警报 贝基篇","ngp"
"10-NGP","/roms/10-NGP/77.ngp","下潜警报 马特篇","ngp"
"10-NGP","/roms/10-NGP/78.ngp","仙魔大战2000","ngp"
"10-NGP","/roms/10-NGP/79.ngp","小瓜子成长日记","ngp"
"10-NGP","/roms/10-NGP/80.ngp","妖怪写真馆","ngp"
"10-NGP","/roms/10-NGP/81.ngp","月华剑士","ngp"
"10-NGP","/roms/10-NGP/82.ngc","在此挑战!花牌道场","ngc"
"10-NGP","/roms/10-NGP/83.ngp","职业棒球","ngp"
"10-NGP","/roms/10-NGP/84.ngp","职业摔跤大赛","ngp"
"11-WS+WSC","/roms/11-WS+WSC/1.ws","SD高达 独眼高达","ws"
"11-WS+WSC","/roms/11-WS+WSC/2.ws","半熟英雄","ws"
"11-WS+WSC","/roms/11-WS+WSC/3.wsc","超级机器人大战Compact彩色版","wsc"
"11-WS+WSC","/roms/11-WS+WSC/4.ws","超兄贵 男人的魂札","ws"
"11-WS+WSC","/roms/11-WS+WSC/5.ws","俄罗斯方块","ws"
"11-WS+WSC","/roms/11-WS+WSC/6.ws","海贼王 乔巴大冒险","ws"
"11-WS+WSC","/roms/11-WS+WSC/7.ws","海贼王 伟大之战","ws"
"11-WS+WSC","/roms/11-WS+WSC/8.ws","口袋战士","ws"
"11-WS+WSC","/roms/11-WS+WSC/9.wsc","蓝天之翼","wsc"
"11-WS+WSC","/roms/11-WS+WSC/10.ws","魔界塔士","ws"
"11-WS+WSC","/roms/11-WS+WSC/11.wsc","全职猎人 贪婪岛","wsc"
"11-WS+WSC","/roms/11-WS+WSC/12.wsc","审判银剑","wsc"
"11-WS+WSC","/roms/11-WS+WSC/13.ws","圣斗士星矢 黄金传说篇","ws"
"11-WS+WSC","/roms/11-WS+WSC/14.wsc","通灵王子 未来的意志","wsc"
"11-WS+WSC","/roms/11-WS+WSC/15.ws","线条方块","ws"
"11-WS+WSC","/roms/11-WS+WSC/16.wsc","线条方块EX","wsc"
"11-WS+WSC","/roms/11-WS+WSC/17.ws","星辰战士","ws"
"11-WS+WSC","/roms/11-WS+WSC/18.wsc","钻地小子","wsc"
"11-WS+WSC","/roms/11-WS+WSC/19.ws","最终幻想II","ws"
"11-WS+WSC","/roms/11-WS+WSC/20.ws","罪恶装备Petit 1","ws"
"11-WS+WSC","/roms/11-WS+WSC/21.ws","罪恶装备Petit 2","ws"
"12-NDS","/roms/12-NDS/1.nds","超热血高校-国夫君躲避球汉化版","nds"
"13-3DS","/roms/13-3DS/1.cci","热血硬派SP汉化版","cci"
"14-PSP","/roms/14-PSP/1.iso","宇宙巡航机携带版","iso"
"FBNEO_Capcom","/roms/FBNEO/wonder3.zip","[ACT] 三個奇跡 (910520 日版)","zip"
"FBNEO_Capcom","/roms/FBNEO/3wonders.zip","[ACT] 三個奇跡 (奇跡3 910520 世界版)","zip"
"FBNEO_Capcom","/roms/FBNEO/3wondersu.zip","[ACT] 三個奇跡 (奇跡3 910520 美版)","zip"
"FBNEO_Capcom","/roms/FBNEO/striderj.zip","[ACT] 出擊飛龍 (日版)","zip"
"FBNEO_Capcom","/roms/FBNEO/strider.zip","[ACT] 出擊飛龍 (美版 第 1 套)","zip"
"FBNEO_Capcom","/roms/FBNEO/captcommu.zip","[ACT] 名將 (910928 美版)","zip"
"FBNEO_Capcom","/roms/FBNEO/captcomm.zip","[ACT] 名將 (911202 世界版)","zip"
"FBNEO_Capcom","/roms/FBNEO/captcommjr1.zip","[ACT] 名將 (911202 日版)","zip"
"FBNEO_Capcom","/roms/FBNEO/captc1v4.zip","[ACT] 名將 (加強版 1 V 4)","zip"
"FBNEO_Capcom","/roms/FBNEO/captcommj_cn.hak","[ACT] 名將 (盛大中文版)(CN)","hak"
"FBNEO_Capcom","/roms/FBNEO/dynwarjr.zip","[ACT] 吞食天地 (日版 重發售版)","zip"
"FBNEO_Capcom","/roms/FBNEO/dynwar.zip","[ACT] 吞食天地 (美版 第 1 套)","zip"
"FBNEO_Capcom","/roms/FBNEO/wof.zip","[ACT] 吞食天地 II (921031 世界版)","zip"
"FBNEO_Capcom","/roms/FBNEO/wofu.zip","[ACT] 吞食天地 II (921031 美版)","zip"
"FBNEO_Capcom","/roms/FBNEO/wofa_cn.hak","[ACT] 吞食天地 II (中文版)(CN)","hak"
"FBNEO_Capcom","/roms/FBNEO/wofah.zip","[ACT] 吞食天地 II (修改版 第 1 套, 921005 亞洲版)","zip"
"FBNEO_Capcom","/roms/FBNEO/wofaha.zip","[ACT] 吞食天地 II (修改版 第 2 套, 921005 亞洲版)","zip"
"FBNEO_Capcom","/roms/FBNEO/wofahb.zip","[ACT] 吞食天地 II (修改版 第 3 套, 921005 亞洲版)","zip"
"FBNEO_Capcom","/roms/FBNEO/wofch_UseIPS01.hak","[ACT] 吞食天地 II - CPS Changer IPS01 (Hack)(日版 921031)","hak"
"FBNEO_Capcom","/roms/FBNEO/wofr1.zip","[ACT] 吞食天地 II - Start+A 落石版 (921002 ETC)","zip"
"FBNEO_Capcom","/roms/FBNEO/wof3js.zip","[ACT] 吞食天地 II - 三劍聖 (中國盜版 第 1 套, 921005 亞洲版)","zip"
"FBNEO_Capcom","/roms/FBNEO/wof3jsa.zip","[ACT] 吞食天地 II - 三劍聖 (中國盜版 第 2 套, 921005 亞洲版)","zip"
"FBNEO_Capcom","/roms/FBNEO/wofsgzb.zip","[ACT] 吞食天地 II - 三國爭霸 (ppxclub 虎蘭王 修改版)","zip"
"FBNEO_Capcom","/roms/FBNEO/wofh.zip","[ACT] 吞食天地 II - 三國英雄傳 (中國盜版 第 1 套, 921005 亞洲版)","zip"
"FBNEO_Capcom","/roms/FBNEO/wofha.zip","[ACT] 吞食天地 II - 三國英雄傳 (中國盜版 第 2 套, 921005 亞洲版)","zip"
"FBNEO_Capcom","/roms/FBNEO/sgyxz.zip","[ACT] 吞食天地 II - 三國英雄傳 (中國盜版 第 3 套, 921005 亞洲版)","zip"
"FBNEO_Capcom","/roms/FBNEO/wofj_UseIPS02.hak","[ACT] 吞食天地 II - 三美螺旋 IPS02 (Hack)(921031 日版)","hak"
"FBNEO_Capcom","/roms/FBNEO/wof3sj.zip","[ACT] 吞食天地 II - 三聖劍 (中國盜版 第 1 套, 921005 亞洲版)","zip"
"FBNEO_Capcom","/roms/FBNEO/wof3sja.zip","[ACT] 吞食天地 II - 三聖劍 (中國盜版 第 2 套, 921005 亞洲版)","zip"
"FBNEO_Capcom","/roms/FBNEO/wofhfh.zip","[ACT] 吞食天地 II - 火鳳凰 (中國盜版, 921005 亞洲版)","zip"
"FBNEO_Capcom","/roms/FBNEO/wofsj.zip","[ACT] 吞食天地 II - 聖劍 (中國盜版 第 1 套, 921005 亞洲版)","zip"
"FBNEO_Capcom","/roms/FBNEO/wofsja.zip","[ACT] 吞食天地 II - 聖劍 (中國盜版 第 2 套, 921005 亞洲版)","zip"
"FBNEO_Capcom","/roms/FBNEO/wofj.zip","[ACT] 吞食天地 II - 赤壁之戰 (921031 日版)","zip"
"FBNEO_Capcom","/roms/FBNEO/wofchp.zip","[ACT] 吞食天地 II - 赤壁之戰 (PS/SS 版本, 修改版)","zip"
"FBNEO_Capcom","/roms/FBNEO/wofjh.zip","[ACT] 吞食天地 II - 赤壁之戰 (修改版, 921031 日版)","zip"
"FBNEO_Capcom","/roms/FBNEO/wofj_UseIPS03.hak","[ACT] 吞食天地 II - 超級加強整合 IPS03 (Hack)(921031 日版)","hak"
"FBNEO_Capcom","/roms/FBNEO/wofdr20.zip","[ACT] 吞食天地 II - 達人版 (Hack)(2020版)","zip"
"FBNEO_Capcom","/roms/FBNEO/wofdr20_UseIPS01.hak","[ACT] 吞食天地 II - 達人版 IPS01 (Hack)(2020版)","hak"
"FBNEO_Capcom","/roms/FBNEO/wofj_UseIPS01.hak","[ACT] 吞食天地 II - 降龍版 IPS01 (Hack)(921031 日版)","hak"
"FBNEO_Capcom","/roms/FBNEO/wofchdx.zip","[ACT] 吞食天地 II 外傳 - 夏侯恩復仇 DX (修改版)","zip"
"FBNEO_Capcom","/roms/FBNEO/knights.zip","[ACT] 圓桌騎士 (911127 世界版)","zip"
"FBNEO_Capcom","/roms/FBNEO/knightsj.zip","[ACT] 圓桌騎士 (911127 日版, B-Board 91634B-2)","zip"
"FBNEO_Capcom","/roms/FBNEO/knightsu.zip","[ACT] 圓桌騎士 (911127 美版)","zip"
"FBNEO_Capcom","/roms/FBNEO/knightsh2.zip","[ACT] 圓桌騎士 (修改版 第 2 套, 911127 世界版)","zip"
"FBNEO_Capcom","/roms/FBNEO/knightsj_cn.hak","[ACT] 圓桌騎士 (盛大中文版)(CN)","hak"
"FBNEO_Capcom","/roms/FBNEO/nemoj.zip","[ACT] 夢幻冒險 (90 11 20 日版)","zip"
"FBNEO_Capcom","/roms/FBNEO/nemo.zip","[ACT] 夢幻冒險 (90 11 30 世界版)","zip"
"FBNEO_Capcom","/roms/FBNEO/ghouls.zip","[ACT] 大魔界村 (世界版)","zip"
"FBNEO_Capcom","/roms/FBNEO/daimakair.zip","[ACT] 大魔界村 (日版 重發售版)","zip"
"FBNEO_Capcom","/roms/FBNEO/ghoulsu.zip","[ACT] 大魔界村 (美版)","zip"
"FBNEO_Capcom","/roms/FBNEO/willowj.zip","[ACT] 威洛之旅 (日版, 日文)","zip"
"FBNEO_Capcom","/roms/FBNEO/willow.zip","[ACT] 威洛之旅 (美版)","zip"
"FBNEO_Capcom","/roms/FBNEO/dino.zip","[ACT] 恐龍新世紀 (930201 世界版)","zip"
"FBNEO_Capcom","/roms/FBNEO/dinoj.zip","[ACT] 恐龍新世紀 (930201 日版)","zip"
"FBNEO_Capcom","/roms/FBNEO/dinou.zip","[ACT] 恐龍新世紀 (930201 美版)","zip"
"FBNEO_Capcom","/roms/FBNEO/dinoa.zip","[ACT] 恐龍新世紀 (930223 台灣版)","zip"
"FBNEO_Capcom","/roms/FBNEO/dinoeh.zip","[ACT] 恐龍新世紀 (Hack)","zip"
"FBNEO_Capcom","/roms/FBNEO/dinosyn.zip","[ACT] 恐龍新世紀 (三十週年紀念版, Hack)","zip"
"FBNEO_Capcom","/roms/FBNEO/dinosdj.zip","[ACT] 恐龍新世紀 (三疊紀, Hack)","zip"
"FBNEO_Capcom","/roms/FBNEO/jurassic99.zip","[ACT] 恐龍新世紀 (侏儸紀99, Hack)","zip"
"FBNEO_Capcom","/roms/FBNEO/dinods.zip","[ACT] 恐龍新世紀 (戰神版, Hack)","zip"
"FBNEO_Capcom","/roms/FBNEO/dino.zip","[ACT] 恐龍新世紀 (旋風騎士版, Hack)","zip"
"FBNEO_Capcom","/roms/FBNEO/dinojd.zip","[ACT] 恐龍新世紀 (游聚 十週年紀念版, Hack)","zip"
"FBNEO_Capcom","/roms/FBNEO/dinot.zip","[ACT] 恐龍新世紀 - 97 恐龍二代 (盜版 第 1 套, 930223 台灣版)","zip"
"FBNEO_Capcom","/roms/FBNEO/Dino_UseIPS01.hak","[ACT] 恐龍新世紀 - IPS01 (Hack)(930201 世界版)","hak"
"FBNEO_Capcom","/roms/FBNEO/Dino_UseIPS02.hak","[ACT] 恐龍新世紀 - IPS02 (Hack)(930201 世界版)","hak"
"FBNEO_Capcom","/roms/FBNEO/dinore.zip","[ACT] 恐龍新世紀 - 重新調整版 (修改版, v1.0)","zip"
"FBNEO_Capcom","/roms/FBNEO/punisher.zip","[ACT] 懲罰者 (930422 世界版)","zip"
"FBNEO_Capcom","/roms/FBNEO/punisherj.zip","[ACT] 懲罰者 (930422 日版)","zip"
"FBNEO_Capcom","/roms/FBNEO/punisheru.zip","[ACT] 懲罰者 (930422 美版)","zip"
"FBNEO_Capcom","/roms/FBNEO/punishly.zip","[ACT] 懲罰者 (火焰版, 修改版)","zip"
"FBNEO_Capcom","/roms/FBNEO/punishhr.zip","[ACT] 懲罰者 (紅人版, 修改版)","zip"
"FBNEO_Capcom","/roms/FBNEO/punisherj_UseIPS01.hak","[ACT] 懲罰者 - IPS01 (Hack)(930422 日版)","hak"
"FBNEO_Capcom","/roms/FBNEO/punisherbz.zip","[ACT] 懲罰者 - 飆風戰警 (中國盜版)","zip"
"FBNEO_Capcom","/roms/FBNEO/mercs.zip","[ACT] 戰場之狼 II (900302 世界版)","zip"
"FBNEO_Capcom","/roms/FBNEO/mercsj.zip","[ACT] 戰場之狼 II (900302 日版)","zip"
"FBNEO_Capcom","/roms/FBNEO/mercsu.zip","[ACT] 戰場之狼 II (900608 美版)","zip"
"FBNEO_Capcom","/roms/FBNEO/mercsj_cn.hak","[ACT] 戰場之狼 II (盛大中文版)(CN)","hak"
"FBNEO_Capcom","/roms/FBNEO/batcirj.zip","[ACT] 戰鬥回路 (970319 日版)","zip"
"FBNEO_Capcom","/roms/FBNEO/batcir.zip","[ACT] 戰鬥回路 (970319 歐版)","zip"
"FBNEO_Capcom","/roms/FBNEO/pgear.zip","[ACT] 機甲勇士 (941024 日版)","zip"
"FBNEO_Capcom","/roms/FBNEO/armwar.zip","[ACT] 機甲勇士 (941024 歐版)","zip"
"FBNEO_Capcom","/roms/FBNEO/armwaru.zip","[ACT] 機甲勇士 (941024 美版)","zip"
"FBNEO_Capcom","/roms/FBNEO/rockmanj.zip","[ACT] 洛克人 - 力量之戰 (950922 日版)","zip"
"FBNEO_Capcom","/roms/FBNEO/megaman.zip","[ACT] 洛克人 - 力量之戰 (951006 美版)","zip"
"FBNEO_Capcom","/roms/FBNEO/rockman2j.zip","[ACT] 洛克人 2 - 力量對決 (960708 日版)","zip"
"FBNEO_Capcom","/roms/FBNEO/megaman2.zip","[ACT] 洛克人 2 - 力量對決 (960708 美版)","zip"
"FBNEO_Capcom","/roms/FBNEO/avspj.zip","[ACT] 異形對鐵血戰士 (940520 日版)","zip"
"FBNEO_Capcom","/roms/FBNEO/avsp.zip","[ACT] 異形對鐵血戰士 (940520 歐版)","zip"
"FBNEO_Capcom","/roms/FBNEO/avspu.zip","[ACT] 異形對鐵血戰士 (940520 美版)","zip"
"FBNEO_Capcom","/roms/FBNEO/ffightaemgc.zip","[ACT] 街頭快打 (30 週年紀念版 Mad Gear's City Hack)","zip"
"FBNEO_Capcom","/roms/FBNEO/ffightae.zip","[ACT] 街頭快打 (30 週年紀念版)","zip"
"FBNEO_Capcom","/roms/FBNEO/ffightj3.zip","[ACT] 街頭快打 (900613 日版)","zip"
"FBNEO_Capcom","/roms/FBNEO/ffightuc.zip","[ACT] 街頭快打 (900613 美版)","zip"
"FBNEO_Capcom","/roms/FBNEO/ffight.zip","[ACT] 街頭快打 (世界版, 第 1 套)","zip"
"FBNEO_Capcom","/roms/FBNEO/ffightjh.zip","[ACT] 街頭快打 (日版, 修改版)","zip"
"FBNEO_Capcom","/roms/FBNEO/mtwins.zip","[ACT] 雙麒兒 (900619 世界版)","zip"
"FBNEO_Capcom","/roms/FBNEO/chikij.zip","[ACT] 雙麒兒 (900619 日版)","zip"
"FBNEO_Capcom","/roms/FBNEO/mswordj.zip","[ACT] 魔法劍 (900623 日版)","zip"
"FBNEO_Capcom","/roms/FBNEO/msword.zip","[ACT] 魔法劍 (900725 世界版)","zip"
"FBNEO_Capcom","/roms/FBNEO/mswordu.zip","[ACT] 魔法劍 (900725 美版)","zip"
"FBNEO_Capcom","/roms/FBNEO/kod.zip","[ACT] 龍王戰士 (910805 世界版)","zip"
"FBNEO_Capcom","/roms/FBNEO/kodh.zip","[ACT] 龍王戰士 (修改版)","zip"
"FBNEO_Capcom","/roms/FBNEO/kodj.zip","[ACT] 龍王戰士 (日版 910805, B-Board 90629B-3)","zip"
"FBNEO_Capcom","/roms/FBNEO/kodu.zip","[ACT] 龍王戰士 (美版 910910)","zip"
"FBNEO_Capcom","/roms/FBNEO/ddsomj.zip","[ACT] 龍與地下城 - 暗黑秘影 (960619 日版)","zip"
"FBNEO_Capcom","/roms/FBNEO/ddsom.zip","[ACT] 龍與地下城 - 暗黑秘影 (960619 歐版)","zip"
"FBNEO_Capcom","/roms/FBNEO/ddsomu.zip","[ACT] 龍與地下城 - 暗黑秘影 (960619 美版)","zip"
"FBNEO_Capcom","/roms/FBNEO/ddsomj_cn.hak","[ACT] 龍與地下城 - 暗黑秘影 (盛大中文版)(CN)","hak"
"FBNEO_Capcom","/roms/FBNEO/ddtodu.zip","[ACT] 龍與地下城 - 毀滅之塔 (940125 美版)","zip"
"FBNEO_Capcom","/roms/FBNEO/ddtodj.zip","[ACT] 龍與地下城 - 毀滅之塔 (940412 日版)","zip"
"FBNEO_Capcom","/roms/FBNEO/ddtod.zip","[ACT] 龍與地下城 - 毀滅之塔 (940412 歐版)","zip"
"FBNEO_Capcom","/roms/FBNEO/xmcotaj.zip","[FTG] X 戰警 - 磁場原子人 (950105 日版)","zip"
"FBNEO_Capcom","/roms/FBNEO/xmcotau.zip","[FTG] X 戰警 - 磁場原子人 (950105 美版)","zip"
"FBNEO_Capcom","/roms/FBNEO/xmcota.zip","[FTG] X 戰警 - 磁場原子人 (950331 歐版)","zip"
"FBNEO_Capcom","/roms/FBNEO/xmvsf.zip","[FTG] X 戰警對快打旋風 (961004 歐版)","zip"
"FBNEO_Capcom","/roms/FBNEO/xmvsfj.zip","[FTG] X 戰警對快打旋風 (961023 日版)","zip"
"FBNEO_Capcom","/roms/FBNEO/xmvsfu.zip","[FTG] X 戰警對快打旋風 (961023 美版)","zip"
"FBNEO_Capcom","/roms/FBNEO/jojon.zip","[FTG] 喬喬的奇妙冒險 (亞洲版 990128, NO CD)","zip"
"FBNEO_Capcom","/roms/FBNEO/jojoj.zip","[FTG] 喬喬的奇妙冒險 (日版 990128)","zip"
"FBNEO_Capcom","/roms/FBNEO/jojo.zip","[FTG] 喬喬的奇妙冒險 (歐版 990128)","zip"
"FBNEO_Capcom","/roms/FBNEO/jojou.zip","[FTG] 喬喬的奇妙冒險 (美版 990128)","zip"
"FBNEO_Capcom","/roms/FBNEO/jojobajr1.zip","[FTG] 喬喬的奇妙冒險 - 未來遺產 (日版 990927)","zip"
"FBNEO_Capcom","/roms/FBNEO/jojoban.zip","[FTG] 喬喬的奇妙冒險 - 未來遺產 (日版 990927, NO CD)","zip"
"FBNEO_Capcom","/roms/FBNEO/jojoba.zip","[FTG] 喬喬的奇妙冒險 - 未來遺產 (歐版 990927)","zip"
"FBNEO_Capcom","/roms/FBNEO/sfzj.zip","[FTG] 少年快打旋風 (950727 日版)","zip"
"FBNEO_Capcom","/roms/FBNEO/sfau.zip","[FTG] 少年快打旋風 - 鬥士之夢 (950627 美版)","zip"
"FBNEO_Capcom","/roms/FBNEO/sfa.zip","[FTG] 少年快打旋風 - 鬥士之夢 (950727 歐版)","zip"
"FBNEO_Capcom","/roms/FBNEO/sfa2.zip","[FTG] 少年快打旋風 2 (960229 歐版)","zip"
"FBNEO_Capcom","/roms/FBNEO/sfz2j.zip","[FTG] 少年快打旋風 2 (960430 日版)","zip"
"FBNEO_Capcom","/roms/FBNEO/sfa2u.zip","[FTG] 少年快打旋風 2 (960430 美版)","zip"
"FBNEO_Capcom","/roms/FBNEO/sfa2uhc.zip","[FTG] 少年快打旋風 2 - 解鎖隱藏人物 (修改版 By Yumeji)","zip"
"FBNEO_Capcom","/roms/FBNEO/sfz2alj.zip","[FTG] 少年快打旋風 2 Alpha (960805 日版)","zip"
"FBNEO_Capcom","/roms/FBNEO/sfz2adl.zip","[FTG] 少年快打旋風 2 Alpha - 龍級 (pipi899 修改, 版本.2009-04-24)","zip"
"FBNEO_Capcom","/roms/FBNEO/sfz3j.zip","[FTG] 少年快打旋風 3 (980904 日版)","zip"
"FBNEO_Capcom","/roms/FBNEO/sfa3.zip","[FTG] 少年快打旋風 3 (980904 歐版)","zip"
"FBNEO_Capcom","/roms/FBNEO/sfa3u.zip","[FTG] 少年快打旋風 3 (980904 美版)","zip"
"FBNEO_Capcom","/roms/FBNEO/sfz3mix13.zip","[FTG] 少年快打旋風 3 - Mix (版本 0.13)","zip"
"FBNEO_Capcom","/roms/FBNEO/sfz3mix.zip","[FTG] 少年快打旋風 3 - Mix 寬螢幕 (版本 0.31)","zip"
"FBNEO_Capcom","/roms/FBNEO/sfa3xl.zip","[FTG] 少年快打旋風 3 - 降龍版 (pipi899 修改, 版本.2009-05-10)","zip"
"FBNEO_Capcom","/roms/FBNEO/sf2mix.zip","[FTG] 快打旋風 II - Mix (版本 1.2)","zip"
"FBNEO_Capcom","/roms/FBNEO/sf2.zip","[FTG] 快打旋風 II - 天下鬥士 (910522 世界版)","zip"
"FBNEO_Capcom","/roms/FBNEO/sf2jl.zip","[FTG] 快打旋風 II - 天下鬥士 (920312 日版)","zip"
"FBNEO_Capcom","/roms/FBNEO/sf2ly.zip","[FTG] 快打旋風 II - 天下鬥士 (仿四大天王可選 Boss 版本, 910522 日版, CPS-B-11)","zip"
"FBNEO_Capcom","/roms/FBNEO/sf2qp1.zip","[FTG] 快打旋風 II - 天下鬥士 (加速 Pt-I 盜版, 910214 美版)","zip"
"FBNEO_Capcom","/roms/FBNEO/sf2qp2.zip","[FTG] 快打旋風 II - 天下鬥士 (加速 盜版, 910522 美版)","zip"
"FBNEO_Capcom","/roms/FBNEO/sf2j_cn.hak","[FTG] 快打旋風 II - 天下鬥士 (盛大中文版)(CN)","hak"
"FBNEO_Capcom","/roms/FBNEO/sf2um.zip","[FTG] 快打旋風 II - 天下鬥士 (美版 920312)","zip"
"FBNEO_Capcom","/roms/FBNEO/sf2thndr.zip","[FTG] 快打旋風 II - 天下鬥士 (雷霆版 盜版, 910214 世界版, 第 1 套)","zip"
"FBNEO_Capcom","/roms/FBNEO/sf2thndr2.zip","[FTG] 快打旋風 II - 天下鬥士 (雷霆版 盜版, 910214 世界版, 第 2 套)","zip"
"FBNEO_Capcom","/roms/FBNEO/sf2cet.zip","[FTG] 快打旋風 II' - 四大天王 (920313 台灣版)","zip"
"FBNEO_Capcom","/roms/FBNEO/sf2ce.zip","[FTG] 快打旋風 II' - 四大天王 (920513 世界版)","zip"
"FBNEO_Capcom","/roms/FBNEO/sf2cejc.zip","[FTG] 快打旋風 II' - 四大天王 (920803 日版)","zip"
"FBNEO_Capcom","/roms/FBNEO/sf2ceuc.zip","[FTG] 快打旋風 II' - 四大天王 (920803 美版)","zip"
"FBNEO_Capcom","/roms/FBNEO/sf2amf.zip","[FTG] 快打旋風 II' - 四大天王 (Alpha Magic-F 盜版 第 1 套, 920313 世界版)","zip"
"FBNEO_Capcom","/roms/FBNEO/sf2amf2.zip","[FTG] 快打旋風 II' - 四大天王 (Alpha Magic-F 盜版 第 2 套, 920313 世界版)","zip"
"FBNEO_Capcom","/roms/FBNEO/sf2bhh.zip","[FTG] 快打旋風 II' - 四大天王 (Hungh-Hsi 盜版, 920313 台灣版)","zip"
"FBNEO_Capcom","/roms/FBNEO/sf2mega.zip","[FTG] 快打旋風 II' - 四大天王 (Mega Co 盜版 第 1 套, 920313 世界版)","zip"
"FBNEO_Capcom","/roms/FBNEO/sf2mega2.zip","[FTG] 快打旋風 II' - 四大天王 (Mega Co 盜版 第 2 套, 920313 世界版)","zip"
"FBNEO_Capcom","/roms/FBNEO/sf2ceb.zip","[FTG] 快打旋風 II' - 四大天王 (Playmark 盜版 第 1 套)","zip"
"FBNEO_Capcom","/roms/FBNEO/sf2ceb2.zip","[FTG] 快打旋風 II' - 四大天王 (Playmark 盜版 第 2 套)","zip"
"FBNEO_Capcom","/roms/FBNEO/sf2ceb3.zip","[FTG] 快打旋風 II' - 四大天王 (Playmark 盜版 第 3 套)","zip"
"FBNEO_Capcom","/roms/FBNEO/sf2ceb4.zip","[FTG] 快打旋風 II' - 四大天王 (Playmark 盜版 第 4 套)","zip"
"FBNEO_Capcom","/roms/FBNEO/sf2re.zip","[FTG] 快打旋風 II' - 四大天王 (RE, 盜版)","zip"
"FBNEO_Capcom","/roms/FBNEO/sf2ceupl.zip","[FTG] 快打旋風 II' - 四大天王 (UPL 盜版)","zip"
"FBNEO_Capcom","/roms/FBNEO/sf2v004.zip","[FTG] 快打旋風 II' - 四大天王 (V004 盜版 第 1 套, 102092 美版)","zip"
"FBNEO_Capcom","/roms/FBNEO/sf2v0042.zip","[FTG] 快打旋風 II' - 四大天王 (V004 盜版 第 2 套, 920313 世界版)","zip"
"FBNEO_Capcom","/roms/FBNEO/sf2v0043.zip","[FTG] 快打旋風 II' - 四大天王 (V004 盜版 第 3 套, 920313 世界版)","zip"
"FBNEO_Capcom","/roms/FBNEO/sf2yyc.zip","[FTG] 快打旋風 II' - 四大天王 (YYC 盜版 第 1 套, 920313 世界版)","zip"
"FBNEO_Capcom","/roms/FBNEO/sf2yyc2.zip","[FTG] 快打旋風 II' - 四大天王 (YYC 盜版 第 2 套, 920313 世界版)","zip"
"FBNEO_Capcom","/roms/FBNEO/sf2dkot2.zip","[FTG] 快打旋風 II' - 四大天王 (加倍 K.O. 加速 II 盜版, 902140 美版)","zip"
"FBNEO_Capcom","/roms/FBNEO/sf2accp2.zip","[FTG] 快打旋風 II' - 四大天王 (加速器 Pt.II 盜版, 920313 Testron)","zip"
"FBNEO_Capcom","/roms/FBNEO/sf2acc.zip","[FTG] 快打旋風 II' - 四大天王 (加速器! 盜版 第 1 套, 920313 美版)","zip"
"FBNEO_Capcom","/roms/FBNEO/sf2acca.zip","[FTG] 快打旋風 II' - 四大天王 (加速器! 盜版 第 2 套, 920310)","zip"
"FBNEO_Capcom","/roms/FBNEO/sf2sl73a.zip","[FTG] 快打旋風 II' - 四大天王 (升龍 v 7.3a)","zip"
"FBNEO_Capcom","/roms/FBNEO/sf2tlona.zip","[FTG] 快打旋風 II' - 四大天王 (屠龍 盜版 第 1 套, 811102 001)","zip"
"FBNEO_Capcom","/roms/FBNEO/sf2tlonb.zip","[FTG] 快打旋風 II' - 四大天王 (屠龍 盜版 第 2 套, 811102 001)","zip"
"FBNEO_Capcom","/roms/FBNEO/sf2tlonc.zip","[FTG] 快打旋風 II' - 四大天王 (屠龍 盜版 第 3 套, 811102 001)","zip"
"FBNEO_Capcom","/roms/FBNEO/sf2rb.zip","[FTG] 快打旋風 II' - 四大天王 (彩虹版 盜版 第 1 套, 920322 世界版)","zip"
"FBNEO_Capcom","/roms/FBNEO/sf2rb2.zip","[FTG] 快打旋風 II' - 四大天王 (彩虹版 盜版 第 2 套, 920322 世界版)","zip"
"FBNEO_Capcom","/roms/FBNEO/sf2rb3.zip","[FTG] 快打旋風 II' - 四大天王 (彩虹版 盜版 第 3 套, 920322 世界版)","zip"
"FBNEO_Capcom","/roms/FBNEO/sf2rb4.zip","[FTG] 快打旋風 II' - 四大天王 (彩虹版 盜版 第 4 套, 920322 日版)","zip"
"FBNEO_Capcom","/roms/FBNEO/sf2dongb.zip","[FTG] 快打旋風 II' - 四大天王 (東方不敗保護版 盜版, 世界版 920313)","zip"
"FBNEO_Capcom","/roms/FBNEO/sf2redp2.zip","[FTG] 快打旋風 II' - 四大天王 (紅色波動 PtII, 盜版)","zip"
"FBNEO_Capcom","/roms/FBNEO/sf2red.zip","[FTG] 快打旋風 II' - 四大天王 (赤色波動 盜版 第 1 套, 920313 世界版)","zip"
"FBNEO_Capcom","/roms/FBNEO/sf2red2.zip","[FTG] 快打旋風 II' - 四大天王 (赤色波動 盜版 第 2 套, 920313 世界版)","zip"
"FBNEO_Capcom","/roms/FBNEO/sf2md.zip","[FTG] 快打旋風 II' - 四大天王 (魔術三角洲, 盜版, 920313 世界版)","zip"
"FBNEO_Capcom","/roms/FBNEO/sf2koryu.zip","[FTG] 快打旋風 II' - 降龍 (盜版 第 1 套, 811102 001)","zip"
"FBNEO_Capcom","/roms/FBNEO/sf2koryu2.zip","[FTG] 快打旋風 II' - 降龍 (盜版 第 2 套, 811102 001)","zip"
"FBNEO_Capcom","/roms/FBNEO/sf2koryu3.zip","[FTG] 快打旋風 II' - 降龍 (盜版 第 3 套, 811102 001)","zip"
"FBNEO_Capcom","/roms/FBNEO/sf2mdt.zip","[FTG] 快打旋風 II' - 魔術三角洲加速版 (盜版 第 1 套 (含 YM2151 + 2xMSM5205), 920313 世界版)","zip"
"FBNEO_Capcom","/roms/FBNEO/sf2mdta.zip","[FTG] 快打旋風 II' - 魔術三角洲加速版 (盜版 第 2 套 (含 YM2151 + 2xMSM5205), 920313 世界版)","zip"
"FBNEO_Capcom","/roms/FBNEO/sf2hfj.zip","[FTG] 快打旋風 II' 加速版 - 戰鬥宣言 (921209 日版)","zip"
"FBNEO_Capcom","/roms/FBNEO/sf2hfu.zip","[FTG] 快打旋風 II' 加速版 - 戰鬥宣言 (921209 美版)","zip"
"FBNEO_Capcom","/roms/FBNEO/sfiiina.zip","[FTG] 快打旋風 III - 新的時代 (亞洲版 970204, NO CD, bios 第 2 套)","zip"
"FBNEO_Capcom","/roms/FBNEO/sfiiij.zip","[FTG] 快打旋風 III - 新的時代 (日版 970204)","zip"
"FBNEO_Capcom","/roms/FBNEO/sfiii.zip","[FTG] 快打旋風 III - 新的時代 (歐版 970204)","zip"
"FBNEO_Capcom","/roms/FBNEO/sfiiiu.zip","[FTG] 快打旋風 III - 新的時代 (美版 970204)","zip"
"FBNEO_Capcom","/roms/FBNEO/sfiii3nr1.zip","[FTG] 快打旋風 III 三次攻擊 - 未來戰鬥 (日版 990512, NO CD)","zip"
"FBNEO_Capcom","/roms/FBNEO/sfiii3ws.zip","[FTG] 快打旋風 III 三次攻擊 - 未來戰鬥 (日版 990512,寬螢幕修改版)","zip"
"FBNEO_Capcom","/roms/FBNEO/sfiii3j.zip","[FTG] 快打旋風 III 三次攻擊 - 未來戰鬥 (日版 990608)","zip"
"FBNEO_Capcom","/roms/FBNEO/sfiii3.zip","[FTG] 快打旋風 III 三次攻擊 - 未來戰鬥 (歐版 990608)","zip"
"FBNEO_Capcom","/roms/FBNEO/sfiii4n.zip","[FTG] 快打旋風 III 三次攻擊 - 未來戰鬥 (第 4 次約戰 2013)","zip"
"FBNEO_Capcom","/roms/FBNEO/sfiii3u.zip","[FTG] 快打旋風 III 三次攻擊 - 未來戰鬥 (美版 990608)","zip"
"FBNEO_Capcom","/roms/FBNEO/sfiii2n.zip","[FTG] 快打旋風 III 二度衝擊 - 巨型攻擊 (亞洲版 970930, NO CD)","zip"
"FBNEO_Capcom","/roms/FBNEO/sfiii2j.zip","[FTG] 快打旋風 III 二度衝擊 - 巨型攻擊 (日版 970930)","zip"
"FBNEO_Capcom","/roms/FBNEO/sfiii2.zip","[FTG] 快打旋風 III 二度衝擊 - 巨型攻擊 (美版 970930)","zip"
"FBNEO_Capcom","/roms/FBNEO/vampj.zip","[FTG] 惡魔戰士 - 午夜鬥士 (940705 日版)","zip"
"FBNEO_Capcom","/roms/FBNEO/dstlk.zip","[FTG] 惡魔戰士 - 午夜鬥士 (940705 歐版)","zip"
"FBNEO_Capcom","/roms/FBNEO/dstlku.zip","[FTG] 惡魔戰士 - 午夜鬥士 (940818 美版)","zip"
"FBNEO_Capcom","/roms/FBNEO/vhuntj.zip","[FTG] 惡魔戰士 - 惡魔的復仇 (950316 日版)","zip"
"FBNEO_Capcom","/roms/FBNEO/nwarr.zip","[FTG] 惡魔戰士 - 惡魔的復仇 (950316 歐版)","zip"
"FBNEO_Capcom","/roms/FBNEO/nwarru.zip","[FTG] 惡魔戰士 - 惡魔的復仇 (950406 美版)","zip"
"FBNEO_Capcom","/roms/FBNEO/vsavj.zip","[FTG] 惡魔救世主 - 吸血鬼貴族 (970519 日版)","zip"
"FBNEO_Capcom","/roms/FBNEO/vsav.zip","[FTG] 惡魔救世主 - 吸血鬼貴族 (970519 歐版)","zip"
"FBNEO_Capcom","/roms/FBNEO/vsavu.zip","[FTG] 惡魔救世主 - 吸血鬼貴族 (970519 美版)","zip"
"FBNEO_Capcom","/roms/FBNEO/vsav2d.zip","[FTG] 惡魔救世主 2 - 吸血鬼貴族 (970913 日版)","zip"
"FBNEO_Capcom","/roms/FBNEO/vhunt2.zip","[FTG] 惡魔獵人 2 - 惡魔的復仇 (970929 日版)","zip"
"FBNEO_Capcom","/roms/FBNEO/slammast.zip","[FTG] 摔角霸王 (930713 世界版)","zip"
"FBNEO_Capcom","/roms/FBNEO/mbomberj.zip","[FTG] 摔角霸王 (930713 日版)","zip"
"FBNEO_Capcom","/roms/FBNEO/slammastu.zip","[FTG] 摔角霸王 (930713 美版)","zip"
"FBNEO_Capcom","/roms/FBNEO/cybotsj.zip","[FTG] 機甲勇士 - 全金屬狂潮 (950420 日版)","zip"
"FBNEO_Capcom","/roms/FBNEO/cybots.zip","[FTG] 機甲勇士 - 全金屬狂潮 (950424 歐版)","zip"
"FBNEO_Capcom","/roms/FBNEO/cybotsu.zip","[FTG] 機甲勇士 - 全金屬狂潮 (950424 美版)","zip"
"FBNEO_Capcom","/roms/FBNEO/smbomb.zip","[FTG] 毀壞之環 - 摔角霸王 II (940831 日版)","zip"
"FBNEO_Capcom","/roms/FBNEO/ringdest.zip","[FTG] 毀壞之環 - 摔角霸王 II (940902 歐版)","zip"
"FBNEO_Capcom","/roms/FBNEO/mvscj.zip","[FTG] 漫威對卡普空 - 超級英雄的衝突 (980123 日版)","zip"
"FBNEO_Capcom","/roms/FBNEO/mvsc.zip","[FTG] 漫威對卡普空 - 超級英雄的衝突 (980123 歐版)","zip"
"FBNEO_Capcom","/roms/FBNEO/mvscu.zip","[FTG] 漫威對卡普空 - 超級英雄的衝突 (980123 美版)","zip"
"FBNEO_Capcom","/roms/FBNEO/msh.zip","[FTG] 漫威超級英雄 (951024 歐版)","zip"
"FBNEO_Capcom","/roms/FBNEO/mshu.zip","[FTG] 漫威超級英雄 (951024 美版)","zip"
"FBNEO_Capcom","/roms/FBNEO/mshj.zip","[FTG] 漫威超級英雄 (951117 日版)","zip"
"FBNEO_Capcom","/roms/FBNEO/mshvsf.zip","[FTG] 漫威超級英雄對快打旋風 (970625 歐版)","zip"
"FBNEO_Capcom","/roms/FBNEO/mshvsfj.zip","[FTG] 漫威超級英雄對快打旋風 (970707 日版)","zip"
"FBNEO_Capcom","/roms/FBNEO/mshvsfu.zip","[FTG] 漫威超級英雄對快打旋風 (970827 美版)","zip"
"FBNEO_Capcom","/roms/FBNEO/hsf2j.zip","[FTG] 終極快打旋風 II - 週年紀念版 (040202 日版)","zip"
"FBNEO_Capcom","/roms/FBNEO/hsf2.zip","[FTG] 終極快打旋風 II - 週年紀念版 (040202 美版)","zip"
"FBNEO_Capcom","/roms/FBNEO/hsf2j.zip","[FTG] 終極快打旋風 II - 週年紀念版 (一鍵出招 日版)","zip"
"FBNEO_Capcom","/roms/FBNEO/mbombrd.zip","[FTG] 肌肉爆彈二重奏 - 最終之戰 (931206 世界版)","zip"
"FBNEO_Capcom","/roms/FBNEO/mbombrdj.zip","[FTG] 肌肉爆彈二重奏 - 熱力戰士 (931206 日版)","zip"
"FBNEO_Capcom","/roms/FBNEO/warzard.zip","[FTG] 赤色大地 (日版 961121)","zip"
"FBNEO_Capcom","/roms/FBNEO/redearth.zip","[FTG] 赤色大地 (歐版 961121)","zip"
"FBNEO_Capcom","/roms/FBNEO/pfghtj.zip","[FTG] 超級口袋戰士 (970904 日版)","zip"
"FBNEO_Capcom","/roms/FBNEO/sgemf.zip","[FTG] 超級口袋戰士 (970904 美版)","zip"
"FBNEO_Capcom","/roms/FBNEO/ssf2tbj.zip","[FTG] 超級快打旋風 II - 戰鬥聯賽 (931005 日版)","zip"
"FBNEO_Capcom","/roms/FBNEO/ssf2tb.zip","[FTG] 超級快打旋風 II - 戰鬥聯賽 (931119 世界版)","zip"
"FBNEO_Capcom","/roms/FBNEO/ssf2tbu.zip","[FTG] 超級快打旋風 II - 戰鬥聯賽 (美版 930911)","zip"
"FBNEO_Capcom","/roms/FBNEO/ssf2u.zip","[FTG] 超級快打旋風 II - 新的挑戰者 ( 930911 美版)","zip"
"FBNEO_Capcom","/roms/FBNEO/ssf2.zip","[FTG] 超級快打旋風 II - 新的挑戰者 ( 931005 世界版)","zip"
"FBNEO_Capcom","/roms/FBNEO/ssf2j.zip","[FTG] 超級快打旋風 II - 新的挑戰者 ( 931005 日版)","zip"
"FBNEO_Capcom","/roms/FBNEO/ssf2xj.zip","[FTG] 超級快打旋風 II X - 向最強挑戰 ( 940311 日版)","zip"
"FBNEO_Capcom","/roms/FBNEO/ssf2t.zip","[FTG] 超級快打旋風 II' 加速版 ( 940223 世界版)","zip"
"FBNEO_Capcom","/roms/FBNEO/ssf2tu.zip","[FTG] 超級快打旋風 II' 加速版 ( 940323 美版)","zip"
"FBNEO_Capcom","/roms/FBNEO/ssf2tnl.zip","[FTG] 超級快打旋風 II' 加速版 - 新的遺產 (Hack v0.8)","zip"
"FBNEO_Capcom","/roms/FBNEO/cworld2j.zip","[PUZ] 冒險問答 卡普空世界 2 (920611 日版)","zip"
"FBNEO_Capcom","/roms/FBNEO/ganbare.zip","[PUZ] 加油! 馬林君 (日籍艦艇 2K0411)","zip"
"FBNEO_Capcom","/roms/FBNEO/gulunpa.zip","[PUZ] 古輪吧!  (日版 931220 L)","zip"
"FBNEO_Capcom","/roms/FBNEO/pokonyan.zip","[PUZ] 叮噹貓 (日版 940322)","zip"
"FBNEO_Capcom","/roms/FBNEO/qtono2j.zip","[PUZ] 殿樣之野望 2 全國版問答 (950123 日版)","zip"
"FBNEO_Capcom","/roms/FBNEO/qndream.zip","[PUZ] 真實之夢問答 - 虹色町的奇跡 (真實之夢 960826 日版)","zip"
"FBNEO_Capcom","/roms/FBNEO/pzloop2j.zip","[PUZ] 謎球回路 2 (010226 日版)","zip"
"FBNEO_Capcom","/roms/FBNEO/pzloop2.zip","[PUZ] 謎球回路 2 (010302 歐洲版)","zip"
"FBNEO_Capcom","/roms/FBNEO/mpang.zip","[PUZ] 超強氣泡 (001010 歐版)","zip"
"FBNEO_Capcom","/roms/FBNEO/mpangu.zip","[PUZ] 超強氣泡 (001010 美版)","zip"
"FBNEO_Capcom","/roms/FBNEO/mpangj.zip","[PUZ] 超強氣泡 (001011 日版)","zip"
"FBNEO_Capcom","/roms/FBNEO/spf2xj.zip","[PUZ] 超級快打旋風方塊 II X (960531 日版)","zip"
"FBNEO_Capcom","/roms/FBNEO/spf2t.zip","[PUZ] 超級快打旋風方塊 II 加速版 (960529 歐版)","zip"
"FBNEO_Capcom","/roms/FBNEO/spf2tu.zip","[PUZ] 超級快打旋風方塊 II 加速版 (960620 美版)","zip"
"FBNEO_Capcom","/roms/FBNEO/spf2tb.zip","[PUZ] 超級快打旋風方塊 II 加速版 (Boss 修改版)(960529 歐版)","zip"
"FBNEO_Capcom","/roms/FBNEO/choko.zip","[PUZ] 長江 (010820 日版)","zip"
"FBNEO_Capcom","/roms/FBNEO/jyangoku.zip","[PUZ] 雀國志 - 霸王的采牌 (990527 日版)","zip"
"FBNEO_Capcom","/roms/FBNEO/pnickj.zip","[PUZ] 魔法方塊 (940608 日版)","zip"
"FBNEO_Capcom","/roms/FBNEO/pang3j.zip","[PUZ] 魔鬼氣泡 3 (950511 日版)","zip"
"FBNEO_Capcom","/roms/FBNEO/pang3.zip","[PUZ] 魔鬼氣泡 3 (950601 歐版)","zip"
"FBNEO_Capcom","/roms/FBNEO/qad.zip","[PUZ] 龍之迷題 (920701 美版)","zip"
"FBNEO_Capcom","/roms/FBNEO/qadjr.zip","[PUZ] 龍之迷題 (940921 日版 重發售版)","zip"
"FBNEO_Capcom","/roms/FBNEO/csclubj.zip","[SPG] 卡普空運動俱樂部 (970722 日版)","zip"
"FBNEO_Capcom","/roms/FBNEO/csclub.zip","[SPG] 卡普空運動俱樂部 (971017 歐版)","zip"
"FBNEO_Capcom","/roms/FBNEO/1941.zip","[STG] 1941 - 反擊戰 (900227 世界版)","zip"
"FBNEO_Capcom","/roms/FBNEO/1941u.zip","[STG] 1941 - 反擊戰 (900227 美版)","zip"
"FBNEO_Capcom","/roms/FBNEO/1941j.zip","[STG] 1941 - 反擊戰 (日版)","zip"
"FBNEO_Capcom","/roms/FBNEO/1944j.zip","[STG] 1944 - 征服世界 (000620 日版)","zip"
"FBNEO_Capcom","/roms/FBNEO/1944u.zip","[STG] 1944 - 征服世界 (000620 美版)","zip"
"FBNEO_Capcom","/roms/FBNEO/19xx.zip","[STG] 19XX - 命運否決戰 (951207 歐版)","zip"
"FBNEO_Capcom","/roms/FBNEO/19xxu.zip","[STG] 19XX - 命運否決戰 (951207 美版)","zip"
"FBNEO_Capcom","/roms/FBNEO/19xxj.zip","[STG] 19XX - 命運否決戰 (960104 日版, 黃色外殼)","zip"
"FBNEO_Capcom","/roms/FBNEO/19xxjr2_cn.hak","[STG] 19XX - 命運否決戰 (盛大中文版)(CN)","hak"
"FBNEO_Capcom","/roms/FBNEO/forgottn.zip","[STG] 失落的世界 (世界版, 較新版)","zip"
"FBNEO_Capcom","/roms/FBNEO/lostwrld.zip","[STG] 失落的世界 (日版)","zip"
"FBNEO_Capcom","/roms/FBNEO/forgottnue.zip","[STG] 失落的世界 (美版, B-Board 88618B-2, 修正版 E)","zip"
"FBNEO_Capcom","/roms/FBNEO/varthu.zip","[STG] 威虎戰機 - 雷暴行動 (920612 美版)","zip"
"FBNEO_Capcom","/roms/FBNEO/varth.zip","[STG] 威虎戰機 - 雷暴行動 (920714 世界版)","zip"
"FBNEO_Capcom","/roms/FBNEO/varthjr.zip","[STG] 威虎戰機 - 雷暴行動 (920714 日版 重發售版)","zip"
"FBNEO_Capcom","/roms/FBNEO/area88r.zip","[STG] 戰區 88 (日版 重發售版)","zip"
"FBNEO_Capcom","/roms/FBNEO/unsquad.zip","[STG] 戰區 88 (美版)","zip"
"FBNEO_Capcom","/roms/FBNEO/mmatrixj.zip","[STG] 火星矩陣 (000412 日版)","zip"
"FBNEO_Capcom","/roms/FBNEO/mmatrix.zip","[STG] 火星矩陣 (000412 美版)","zip"
"FBNEO_Capcom","/roms/FBNEO/uecology.zip","[STG] 環保戰機 ((931203 日版)","zip"
"FBNEO_Capcom","/roms/FBNEO/ecofghtr.zip","[STG] 環保戰機 (931203 世界版)","zip"
"FBNEO_Capcom","/roms/FBNEO/ecofghtru.zip","[STG] 環保戰機 (940215 美版)","zip"
"FBNEO_Capcom","/roms/FBNEO/progearj.zip","[STG] 能源之嵐 (010117 日版)","zip"
"FBNEO_Capcom","/roms/FBNEO/progear.zip","[STG] 能源之嵐 (010117 美版)","zip"
"FBNEO_Capcom","/roms/FBNEO/gmahou.zip","[STG] 超級魔法大作戰 (000121 日版)","zip"
"FBNEO_Capcom","/roms/FBNEO/dimahoo.zip","[STG] 超級魔法大作戰 (000121 歐版)","zip"
"FBNEO_Capcom","/roms/FBNEO/dimahoou.zip","[STG] 超級魔法大作戰 (000121 美版)","zip"
"FBNEO_Capcom","/roms/FBNEO/cawing.zip","[STG] 雌虎戰機 (901012 世界版)","zip"
"FBNEO_Capcom","/roms/FBNEO/cawingj.zip","[STG] 雌虎戰機 (901012 日版)","zip"
"FBNEO_Capcom","/roms/FBNEO/cawingu.zip","[STG] 雌虎戰機 (901130 美版)","zip"
"FBNEO_Capcom","/roms/FBNEO/gigawing.zip","[STG] 雷鳥之翼 (990222 美版)","zip"
"FBNEO_Capcom","/roms/FBNEO/gigawingj.zip","[STG] 雷鳥之翼 (990223 日版)","zip"
"FBNEO_NEOGEO","/roms/FBNEO/neobombe.zip","[ACT] Neo 炸彈人","zip"
"FBNEO_NEOGEO","/roms/FBNEO/nitd.zip","[ACT] 午夜噩夢","zip"
"FBNEO_NEOGEO","/roms/FBNEO/mslug.zip","[ACT] 合金彈頭 - 超級坦克-001","zip"
"FBNEO_NEOGEO","/roms/FBNEO/mslugdg.zip","[ACT] 合金彈頭 - 超級坦克-001 (多功能版, 修改版)","zip"
"FBNEO_NEOGEO","/roms/FBNEO/mslug2t.zip","[ACT] 合金彈頭 2 (加速版, 修改版)","zip"
"FBNEO_NEOGEO","/roms/FBNEO/mslug2.zip","[ACT] 合金彈頭 2 - 超級坦克-001/II (NGM-2410)(NGH-2410)","zip"
"FBNEO_NEOGEO","/roms/FBNEO/mslug2dg.zip","[ACT] 合金彈頭 2 - 超級坦克-001/II (多功能版, 修改版)","zip"
"FBNEO_NEOGEO","/roms/FBNEO/mslug2fm.zip","[ACT] 合金彈頭 2 - 超級戰車-001/II (CZXINc FC2 版本 2 20210415, 修改版)","zip"
"FBNEO_NEOGEO","/roms/FBNEO/mslug2r.zip","[ACT] 合金彈頭 2 - 超級戰車-001/II (Enemies Reset, Hack)","zip"
"FBNEO_NEOGEO","/roms/FBNEO/mslug2ct.zip","[ACT] 合金彈頭 2 - 超級戰車-001/II (Survival, Hack)","zip"
"FBNEO_NEOGEO","/roms/FBNEO/mslug3c.zip","[ACT] 合金彈頭 3 (Enemies Reset, Hack)","zip"
"FBNEO_NEOGEO","/roms/FBNEO/mslug3eb.zip","[ACT] 合金彈頭 3 (Green Blue, Hack)","zip"
"FBNEO_NEOGEO","/roms/FBNEO/mslug3lw.zip","[ACT] 合金彈頭 3 (Last Bullet Remix, Hack)","zip"
"FBNEO_NEOGEO","/roms/FBNEO/mslug3.zip","[ACT] 合金彈頭 3 (NGM-2560)","zip"
"FBNEO_NEOGEO","/roms/FBNEO/mslug3x.zip","[ACT] 合金彈頭 3 (X, Homebrew, 20220203)","zip"
"FBNEO_NEOGEO","/roms/FBNEO/mslug3v.zip","[ACT] 合金彈頭 3 (增強暴力版, 修改版)","zip"
"FBNEO_NEOGEO","/roms/FBNEO/mslug3g.zip","[ACT] 合金彈頭 3 (多功能版, 修改版)","zip"
"FBNEO_NEOGEO","/roms/FBNEO/mslug4a.zip","[ACT] 合金彈頭 4 (20週年版)","zip"
"FBNEO_NEOGEO","/roms/FBNEO/mslug4ar.zip","[ACT] 合金彈頭 4 (Enemies Reset Fusion 20th Anniversary, Hack)","zip"
"FBNEO_NEOGEO","/roms/FBNEO/mslug4c.zip","[ACT] 合金彈頭 4 (Enemies Reset, Hack)","zip"
"FBNEO_NEOGEO","/roms/FBNEO/mslug4lw.zip","[ACT] 合金彈頭 4 (Last Bullet Remix 修改版)","zip"
"FBNEO_NEOGEO","/roms/FBNEO/mslug4.zip","[ACT] 合金彈頭 4 (NGM-2630)","zip"
"FBNEO_NEOGEO","/roms/FBNEO/mslug4dg.zip","[ACT] 合金彈頭 4 (多功能版, 修改版)","zip"
"FBNEO_NEOGEO","/roms/FBNEO/ms4plus.zip","[ACT] 合金彈頭 4 加強版 (盜版)","zip"
"FBNEO_NEOGEO","/roms/FBNEO/mslug5c.zip","[ACT] 合金彈頭 5 (Enemies Reset, Hack)","zip"
"FBNEO_NEOGEO","/roms/FBNEO/ms5pcb.zip","[ACT] 合金彈頭 5 (JAMMA 機板)","zip"
"FBNEO_NEOGEO","/roms/FBNEO/mslug5dg.zip","[ACT] 合金彈頭 5 (Multifunction Hack, 20170523)","zip"
"FBNEO_NEOGEO","/roms/FBNEO/mslug5.zip","[ACT] 合金彈頭 5 (NGM-2680)","zip"
"FBNEO_NEOGEO","/roms/FBNEO/ms5sgf.zip","[ACT] 合金彈頭 5 (Remake Final FC2 Version, Hack)","zip"
"FBNEO_NEOGEO","/roms/FBNEO/mslug5x.zip","[ACT] 合金彈頭 5 (X Final Ver, Hack, 20220606)","zip"
"FBNEO_NEOGEO","/roms/FBNEO/mslug5mg.zip","[ACT] 合金彈頭 5 (多功能版, 修改版)","zip"
"FBNEO_NEOGEO","/roms/FBNEO/mslug5w.zip","[ACT] 合金彈頭 5 (新戰役, 修改版)","zip"
"FBNEO_NEOGEO","/roms/FBNEO/ms5plus.zip","[ACT] 合金彈頭 5 加強版 (盜版)","zip"
"FBNEO_NEOGEO","/roms/FBNEO/mslug3b6.zip","[ACT] 合金彈頭 6 (合金彈頭 3 盜版)","zip"
"FBNEO_NEOGEO","/roms/FBNEO/mslugx.zip","[ACT] 合金彈頭 X - 超級坦克-001 (NGM-2500)(NGH-2500)","zip"
"FBNEO_NEOGEO","/roms/FBNEO/mutnat.zip","[ACT] 外星游龍 - 變異種族 (NGM-014)(NGH-014)","zip"
"FBNEO_NEOGEO","/roms/FBNEO/maglord.zip","[ACT] 幻魔大戰 (NGM-005)","zip"
"FBNEO_NEOGEO","/roms/FBNEO/ncombat.zip","[ACT] 忍者大戰 (NGM-009)","zip"
"FBNEO_NEOGEO","/roms/FBNEO/ncommand.zip","[ACT] 忍者戰士","zip"
"FBNEO_NEOGEO","/roms/FBNEO/sengoku.zip","[ACT] 戰國 / 戰國傳承 (NGM-017)(NGH-017)","zip"
"FBNEO_NEOGEO","/roms/FBNEO/sengoku2.zip","[ACT] 戰國 2 / 戰國傳承 2","zip"
"FBNEO_NEOGEO","/roms/FBNEO/sengk3fs.zip","[ACT] 戰國 3 / 戰國傳承 2001 (丰神版, 修改版)","zip"
"FBNEO_NEOGEO","/roms/FBNEO/sengoku3.zip","[ACT] 戰國 3 / 戰國傳承 2001 (第 1 套)","zip"
"FBNEO_NEOGEO","/roms/FBNEO/sengoku3s.zip","[ACT] 戰國 3 / 戰國傳承 2001 (進化版 1.0, FCHT 修改版)","zip"
"FBNEO_NEOGEO","/roms/FBNEO/sengk3eb.zip","[ACT] 戰國 3 / 戰國傳承 2001 (青版)","zip"
"FBNEO_NEOGEO","/roms/FBNEO/cyberlip.zip","[ACT] 戰鬥邊緣 (NGM-010)","zip"
"FBNEO_NEOGEO","/roms/FBNEO/legendos.zip","[ACT] 明日之丈傳說","zip"
"FBNEO_NEOGEO","/roms/FBNEO/zupapa.zip","[ACT] 星星大戰!","zip"
"FBNEO_NEOGEO","/roms/FBNEO/roboarmy.zip","[ACT] 機甲神兵 (第 1 套)","zip"
"FBNEO_NEOGEO","/roms/FBNEO/ganryu.zip","[ACT] 武藏嚴流記","zip"
"FBNEO_NEOGEO","/roms/FBNEO/burningf.zip","[ACT] 熱血快打 (NGM-018)(NGH-018)","zip"
"FBNEO_NEOGEO","/roms/FBNEO/xenocrisis.zip","[ACT] 異族危機 (NGM-BB01) (NGH-BB01)","zip"
"FBNEO_NEOGEO","/roms/FBNEO/b2b.zip","[ACT] 砰砰剋星 (2010 NCI 發佈)","zip"
"FBNEO_NEOGEO","/roms/FBNEO/shocktro.zip","[ACT] 突擊騎兵 (第 1 套)","zip"
"FBNEO_NEOGEO","/roms/FBNEO/shocktr2.zip","[ACT] 突擊騎兵 - 第二分隊","zip"
"FBNEO_NEOGEO","/roms/FBNEO/lans2004.zip","[ACT] 突擊騎兵 - 雇擁兵 2004 (盜版)","zip"
"FBNEO_NEOGEO","/roms/FBNEO/irrmaze.zip","[ACT] 終極電流急急棒","zip"
"FBNEO_NEOGEO","/roms/FBNEO/crsword.zip","[ACT] 聖十字劍 (ALM-002)(ALH-002)","zip"
"FBNEO_NEOGEO","/roms/FBNEO/crswd2bl.zip","[ACT] 聖十字劍 2 (盜版 CD 卡帶轉換版)","zip"
"FBNEO_NEOGEO","/roms/FBNEO/bjourney.zip","[ACT] 藍色之旅 / 拉吉少年 (ALM-001)(ALH-001)","zip"
"FBNEO_NEOGEO","/roms/FBNEO/superspy.zip","[ACT] 諜報飛龍 (NGM-011)(NGH-011)","zip"
"FBNEO_NEOGEO","/roms/FBNEO/eightman.zip","[ACT] 超人8號 (NGM-025)(NGH-025)","zip"
"FBNEO_NEOGEO","/roms/FBNEO/nam1975.zip","[ACT] 越戰 1975 (NGM-001)(NGH-001)","zip"
"FBNEO_NEOGEO","/roms/FBNEO/spinmast.zip","[ACT] 迴旋球大師 / 強尼大冒險","zip"
"FBNEO_NEOGEO","/roms/FBNEO/tophuntr.zip","[ACT] 頂尖獵人 - 羅迪和凱茜 (NGM-046)","zip"
"FBNEO_NEOGEO","/roms/FBNEO/3countb.zip","[FTG] 三回合較量 - 火線摔角 (NGM-043)","zip"
"FBNEO_NEOGEO","/roms/FBNEO/wh1.zip","[FTG] 世界英雄 (ALM-005)","zip"
"FBNEO_NEOGEO","/roms/FBNEO/whp.zip","[FTG] 世界英雄 - 完美版","zip"
"FBNEO_NEOGEO","/roms/FBNEO/wh2.zip","[FTG] 世界英雄 2 (ALH-006)","zip"
"FBNEO_NEOGEO","/roms/FBNEO/wh2j.zip","[FTG] 世界英雄 2 噴射版 (ADM-007)","zip"
"FBNEO_NEOGEO","/roms/FBNEO/samsho.zip","[FTG] 侍魂 I - 十二劍手 (NGM-045)","zip"
"FBNEO_NEOGEO","/roms/FBNEO/samsho2.zip","[FTG] 侍魂 II / 真侍魂 - 霸王丸地獄變 (NGM-063)(NGH-063)","zip"
"FBNEO_NEOGEO","/roms/FBNEO/samsho2pe.zip","[FTG] 侍魂 II / 真侍魂 - 霸王丸地獄變 (完美版)","zip"
"FBNEO_NEOGEO","/roms/FBNEO/samsh2sp.zip","[FTG] 侍魂 II / 真侍魂 - 霸王丸地獄變 (特別版)","zip"
"FBNEO_NEOGEO","/roms/FBNEO/samsho3.zip","[FTG] 侍魂 III - 斬紅郎無雙劍 (NGM-087)","zip"
"FBNEO_NEOGEO","/roms/FBNEO/samsho4.zip","[FTG] 侍魂 IV - 天草降臨 (NGM-222)(NGH-222)","zip"
"FBNEO_NEOGEO","/roms/FBNEO/samsh4sp.zip","[FTG] 侍魂 IV - 天草降臨 (特別版 2017, 修正版)","zip"
"FBNEO_NEOGEO","/roms/FBNEO/samsho5.zip","[FTG] 侍魂 V / 侍魂 零 (NGM-2700, 第 1 套)","zip"
"FBNEO_NEOGEO","/roms/FBNEO/samsho5x.zip","[FTG] 侍魂 V / 侍魂 零 (XBOX 版本 修改版)","zip"
"FBNEO_NEOGEO","/roms/FBNEO/samsh5pf.zip","[FTG] 侍魂 V 完美版 / 侍魂 零 完美版 (NGM-2720)","zip"
"FBNEO_NEOGEO","/roms/FBNEO/samsh5sp.zip","[FTG] 侍魂 V 特別版 / 侍魂 零 特別版 (NGM-2720)","zip"
"FBNEO_NEOGEO","/roms/FBNEO/karnovr.zip","[FTG] 卡諾夫的復仇 / 格鬥列傳","zip"
"FBNEO_NEOGEO","/roms/FBNEO/kabukikl.zip","[FTG] 天外魔境真傳 - 東方伊甸園","zip"
"FBNEO_NEOGEO","/roms/FBNEO/kabukiklb.zip","[FTG] 天外魔境真傳 - 東方伊甸園 (隱藏角色開啟)","zip"
"FBNEO_NEOGEO","/roms/FBNEO/lastblad.zip","[FTG] 幕末浪漫 月華劍士 (NGM-2340)","zip"
"FBNEO_NEOGEO","/roms/FBNEO/lastblsp.zip","[FTG] 幕末浪漫 月華劍士 (特別版 2017, 修正版)","zip"
"FBNEO_NEOGEO","/roms/FBNEO/lastbld2.zip","[FTG] 幕末浪漫第二幕 月華劍士 - 月中芳華 散落月下 (NGM-2430)(NGH-2430)","zip"
"FBNEO_NEOGEO","/roms/FBNEO/lastbd2t.zip","[FTG] 幕末浪漫第二幕 月華劍士 - 月中芳華 散落月下 (Team Edition 破解)","zip"
"FBNEO_NEOGEO","/roms/FBNEO/lastbd2e.zip","[FTG] 幕末浪漫第二幕 月華劍士 - 月中芳華 散落月下 (加強版, 修改版)","zip"
"FBNEO_NEOGEO","/roms/FBNEO/lastbd2b.zip","[FTG] 幕末浪漫第二幕 月華劍士 - 月中芳華 散落月下 (隱藏角色開啟V4)","zip"
"FBNEO_NEOGEO","/roms/FBNEO/kotm.zip","[FTG] 怪獸之王 (第 1 套)","zip"
"FBNEO_NEOGEO","/roms/FBNEO/kotm2.zip","[FTG] 怪獸之王 2 - 下一事件 (NGM-039)(NGH-039)","zip"
"FBNEO_NEOGEO","/roms/FBNEO/matrim.zip","[FTG] 新豪血寺一族 - 斗婚 (NGM-2660)(NGH-2660)","zip"
"FBNEO_NEOGEO","/roms/FBNEO/matrimbh.zip","[FTG] 新豪血寺一族 - 斗婚 (隱藏角色開啟V2)","zip"
"FBNEO_NEOGEO","/roms/FBNEO/kog.zip","[FTG] 格鬥之王 (格鬥天王 '97 盜版)","zip"
"FBNEO_NEOGEO","/roms/FBNEO/kogplus.zip","[FTG] 格鬥之王加強版 (格鬥天王 '97 盜版)","zip"
"FBNEO_NEOGEO","/roms/FBNEO/kof94rz.zip","[FTG] 格鬥天王 '94 ((Hack Boss Remixed)","zip"
"FBNEO_NEOGEO","/roms/FBNEO/kof94.zip","[FTG] 格鬥天王 '94 (NGM-055)(NGH-055)","zip"
"FBNEO_NEOGEO","/roms/FBNEO/kof95.zip","[FTG] 格鬥天王 '95 (NGM-084)","zip"
"FBNEO_NEOGEO","/roms/FBNEO/kof95sp.zip","[FTG] 格鬥天王 '95 (特別版, 版本 1.2.0222)","zip"
"FBNEO_NEOGEO","/roms/FBNEO/kof95b.zip","[FTG] 格鬥天王 '95 (隱藏角色開啟))","zip"
"FBNEO_NEOGEO","/roms/FBNEO/kof96.zip","[FTG] 格鬥天王 '96 (NGM-214)","zip"
"FBNEO_NEOGEO","/roms/FBNEO/kof96cn.zip","[FTG] 格鬥天王 '96 (中文版 1.0, 修改版)","zip"
"FBNEO_NEOGEO","/roms/FBNEO/kof96ep.zip","[FTG] 格鬥天王 '96 (盜版 / 修改版)","zip"
"FBNEO_NEOGEO","/roms/FBNEO/kof96ae.zip","[FTG] 格鬥天王 '96 (週年紀念版, EGHT 修改版)","zip"
"FBNEO_NEOGEO","/roms/FBNEO/kof97.zip","[FTG] 格鬥天王 '97 (NGM-2320)","zip"
"FBNEO_NEOGEO","/roms/FBNEO/kof97ps.zip","[FTG] 格鬥天王 '97 (仿PS最終改進版)","zip"
"FBNEO_NEOGEO","/roms/FBNEO/kof97t.zip","[FTG] 格鬥天王 '97 (優化版)","zip"
"FBNEO_NEOGEO","/roms/FBNEO/kof97cn.zip","[FTG] 格鬥天王 '97 (十週年中文紀念版, EGHT 修改版)","zip"
"FBNEO_NEOGEO","/roms/FBNEO/kof97inv.zip","[FTG] 格鬥天王 '97 (所向披靡 加強版 B2.1.2107)","zip"
"FBNEO_NEOGEO","/roms/FBNEO/kof97pm.zip","[FTG] 格鬥天王 '97 (練習模式)","zip"
"FBNEO_NEOGEO","/roms/FBNEO/kof97xt.zip","[FTG] 格鬥天王 '97 - 最終決戰 (修改版)","zip"
"FBNEO_NEOGEO","/roms/FBNEO/kof97cbt.zip","[FTG] 格鬥天王 '97 - 連招練習 (修改, 版本 2018)","zip"
"FBNEO_NEOGEO","/roms/FBNEO/kof97ae.zip","[FTG] 格鬥天王 '97 - 週年紀念版 (版本 2.1.0211)","zip"
"FBNEO_NEOGEO","/roms/FBNEO/kof97rc.zip","[FTG] 格鬥天王 '97 - 隨機連招 (修改, 版本 2010)","zip"
"FBNEO_NEOGEO","/roms/FBNEO/kof97pls.zip","[FTG] 格鬥天王 '97 加強版 (盜版)","zip"
"FBNEO_NEOGEO","/roms/FBNEO/kof97pla.zip","[FTG] 格鬥天王 '97 加強版 2003 (盜版 / 修改版)","zip"
"FBNEO_NEOGEO","/roms/FBNEO/kof97oro.zip","[FTG] 格鬥天王 '97 暴風版 2003","zip"
"FBNEO_NEOGEO","/roms/FBNEO/kof98rat.zip","[FTG] 格鬥天王 '98 (Ratio 修改版)","zip"
"FBNEO_NEOGEO","/roms/FBNEO/kof98pfe.zip","[FTG] 格鬥天王 '98 - 強化最終版 (Hack)","zip"
"FBNEO_NEOGEO","/roms/FBNEO/kof98ult.zip","[FTG] 格鬥天王 '98 - 終極比賽 (Hack)","zip"
"FBNEO_NEOGEO","/roms/FBNEO/kof98cp.zip","[FTG] 格鬥天王 '98 (連技加強版, 修改版)","zip"
"FBNEO_NEOGEO","/roms/FBNEO/kof98cb.zip","[FTG] 格鬥天王 '98 (連技版, 修改版)","zip"
"FBNEO_NEOGEO","/roms/FBNEO/kof98ae.zip","[FTG] 格鬥天王 '98 (週年紀念版, EGHT 修改版)","zip"
"FBNEO_NEOGEO","/roms/FBNEO/kof98.zip","[FTG] 格鬥天王 '98 - 夢戰鬥未結束 (NGM-2420)","zip"
"FBNEO_NEOGEO","/roms/FBNEO/kof98bc2nd.zip","[FTG] 格鬥天王 '98 BC 2度衝擊 (修改版, 版本.2020-07-29)","zip"
"FBNEO_NEOGEO","/roms/FBNEO/kof98eck.zip","[FTG] 格鬥天王 '98 松連王 2014 (對戰版, 修改版)","zip"
"FBNEO_NEOGEO","/roms/FBNEO/kof98mix.zip","[FTG] 格鬥天王 '98 混合版 (修改版)","zip"
"FBNEO_NEOGEO","/roms/FBNEO/kof99.zip","[FTG] 格鬥天王 '99 - 千年之戰 (NGM-2510)","zip"
"FBNEO_NEOGEO","/roms/FBNEO/kof99sr.zip","[FTG] 格鬥天王 '99 - 夏季革命 (FCHT 修改)","zip"
"FBNEO_NEOGEO","/roms/FBNEO/kof99rp.zip","[FTG] 格鬥天王 '99 - 最終混合 專業版 版本 2.0 (FCHT 修改)","zip"
"FBNEO_NEOGEO","/roms/FBNEO/kof99eur.zip","[FTG] 格鬥天王 '99 - 終極進化 混合 (Yashional 修改)","zip"
"FBNEO_NEOGEO","/roms/FBNEO/kof99ae.zip","[FTG] 格鬥天王 '99 - 週年紀念版 (修改版)","zip"
"FBNEO_NEOGEO","/roms/FBNEO/kof2000.zip","[FTG] 格鬥天王 2000 (NGM-2570)(NGH-2570)","zip"
"FBNEO_NEOGEO","/roms/FBNEO/kof2kotc.zip","[FTG] 格鬥天王 2000 (OTC, 修改版)","zip"
"FBNEO_NEOGEO","/roms/FBNEO/kof2kps2.zip","[FTG] 格鬥天王 2000 (Playstation 2 版本 , EGHT 修改版)","zip"
"FBNEO_NEOGEO","/roms/FBNEO/kof2000n.zip","[FTG] 格鬥天王 2000 (未加密版)","zip"
"FBNEO_NEOGEO","/roms/FBNEO/kof2ksp.zip","[FTG] 格鬥天王 2000 - 特別版 (最終版本, 修改版)","zip"
"FBNEO_NEOGEO","/roms/FBNEO/kof2001.zip","[FTG] 格鬥天王 2001 (NGM-262?)","zip"
"FBNEO_NEOGEO","/roms/FBNEO/kf2k1pkz.zip","[FTG] 格鬥天王 2001 (PS2 Krizalid 版本, 修改版)","zip"
"FBNEO_NEOGEO","/roms/FBNEO/kf2k1pls.zip","[FTG] 格鬥天王 2001 加強版 (第 1 套, 盜版 / 修改版)","zip"
"FBNEO_NEOGEO","/roms/FBNEO/kf2k1pla.zip","[FTG] 格鬥天王 2001 加強版 (第 2 套, 盜版 / 修改版)","zip"
"FBNEO_NEOGEO","/roms/FBNEO/kof2k1rp.zip","[FTG] 格鬥天王 2001 混合 加強版 v1.02 最終版 (修改版 By Jason, Kim & Raymonose)","zip"
"FBNEO_NEOGEO","/roms/FBNEO/kof2k1ru.zip","[FTG] 格鬥天王 2001 混合 終極版 v2.3 (修改版 By Jason FGCH)","zip"
"FBNEO_NEOGEO","/roms/FBNEO/kof2002.zip","[FTG] 格鬥天王 2002 (NGM-2650)(NGH-2650)","zip"
"FBNEO_NEOGEO","/roms/FBNEO/kf2k2ps2.zip","[FTG] 格鬥天王 2002 (PlayStation 2 版本 0.4, EGHT 修改版)","zip"
"FBNEO_NEOGEO","/roms/FBNEO/kof2k2omg8.zip","[FTG] 格鬥天王 2002 (歐米茄 版本 0.8)","zip"
"FBNEO_NEOGEO","/roms/FBNEO/kof2k2omg9.zip","[FTG] 格鬥天王 2002 (歐米茄 版本 0.9)","zip"
"FBNEO_NEOGEO","/roms/FBNEO/kof2k2omg.zip","[FTG] 格鬥天王 2002 (歐米茄 版本 0.?)","zip"
"FBNEO_NEOGEO","/roms/FBNEO/kf2k2p17.zip","[FTG] 格鬥天王 2002 (風雲再起 2017, 修改版)","zip"
"FBNEO_NEOGEO","/roms/FBNEO/kf2k23rd.zip","[FTG] 格鬥天王 2002 - 天國神族 (修改版)","zip"
"FBNEO_NEOGEO","/roms/FBNEO/kf2k2pls.zip","[FTG] 格鬥天王 2002 加強版 (盜版 第 1 套)","zip"
"FBNEO_NEOGEO","/roms/FBNEO/kf2k2pla.zip","[FTG] 格鬥天王 2002 加強版 (盜版 第 2 套)","zip"
"FBNEO_NEOGEO","/roms/FBNEO/kf2k2plb.zip","[FTG] 格鬥天王 2002 加強版 (盜版 第 3 套)","zip"
"FBNEO_NEOGEO","/roms/FBNEO/kof2k2ru.zip","[FTG] 格鬥天王 2002 終極混合 3.5 (FCHT修改)","zip"
"FBNEO_NEOGEO","/roms/FBNEO/kf2k2plc.zip","[FTG] 格鬥天王 2002 超級版 (盜版)","zip"
"FBNEO_NEOGEO","/roms/FBNEO/kf2k2mp.zip","[FTG] 格鬥天王 2002 魔法加強版 (盜版)","zip"
"FBNEO_NEOGEO","/roms/FBNEO/kf2k2mp2.zip","[FTG] 格鬥天王 2002 魔法加強版 II (盜版)","zip"
"FBNEO_NEOGEO","/roms/FBNEO/kof2003.zip","[FTG] 格鬥天王 2003 (NGM-2710)","zip"
"FBNEO_NEOGEO","/roms/FBNEO/kf2k3pcb.zip","[FTG] 格鬥天王 2003 (日版, JAMMA 機板)","zip"
"FBNEO_NEOGEO","/roms/FBNEO/kof2003_UseIPS01.hak","[FTG] 格鬥天王 2003 - IPS01 (NGM-2710)","hak"
"FBNEO_NEOGEO","/roms/FBNEO/kf2k3p2s.zip","[FTG] 格鬥天王 2003 - PS2 風格頭像 (修改者 0 Day-S, Eddids, Hiker)","zip"
"FBNEO_NEOGEO","/roms/FBNEO/kf2k3ps2.zip","[FTG] 格鬥天王 2003 PS 2 (EGCG 修改)","zip"
"FBNEO_NEOGEO","/roms/FBNEO/kf2k3bl.zip","[FTG] 格鬥天王 2003 加強版 (盜版 第 1 套)","zip"
"FBNEO_NEOGEO","/roms/FBNEO/kf2k3bla.zip","[FTG] 格鬥天王 2003 加強版 (盜版 第 2 套)","zip"
"FBNEO_NEOGEO","/roms/FBNEO/kf2k3pl.zip","[FTG] 格鬥天王 2003 英雄版 (盜版)","zip"
"FBNEO_NEOGEO","/roms/FBNEO/kf2k3upl.zip","[FTG] 格鬥天王 2003 風雲加強版 (盜版)","zip"
"FBNEO_NEOGEO","/roms/FBNEO/kof10th.zip","[FTG] 格鬥天王十週年紀念 (盜版)","zip"
"FBNEO_NEOGEO","/roms/FBNEO/kf2k5uni.zip","[FTG] 格鬥天王十週年紀念 2005 特別版 (盜版)","zip"
"FBNEO_NEOGEO","/roms/FBNEO/kf10thuo.zip","[FTG] 格鬥天王十週年紀念 2019 (優化版, 修改版)","zip"
"FBNEO_NEOGEO","/roms/FBNEO/kf10thep.zip","[FTG] 格鬥天王十週年紀念 特別加強版 (盜版)","zip"
"FBNEO_NEOGEO","/roms/FBNEO/kof10thd.zip","[FTG] 格鬥天王十週年紀念版 (格鬥天王 2002 盜版 / 完全解密)","zip"
"FBNEO_NEOGEO","/roms/FBNEO/svcpcb.zip","[FTG] 格鬥天王對街霸 - 混沌 (JAMMA 機板, 第 1 套)","zip"
"FBNEO_NEOGEO","/roms/FBNEO/svc.zip","[FTG] 格鬥天王對街霸 - 混沌 (NGM-2690)(NGH-2690)","zip"
"FBNEO_NEOGEO","/roms/FBNEO/svcplus.zip","[FTG] 格鬥天王對街霸 - 混沌加強版 (盜版 第 1 套)","zip"
"FBNEO_NEOGEO","/roms/FBNEO/svcplusa.zip","[FTG] 格鬥天王對街霸 - 混沌加強版 (盜版 第 2 套)","zip"
"FBNEO_NEOGEO","/roms/FBNEO/svcsplus.zip","[FTG] 格鬥天王對街霸 - 混沌超級加強版 (盜版)","zip"
"FBNEO_NEOGEO","/roms/FBNEO/kof2k4se.zip","[FTG] 格鬥天王特別版 2004 (盜版)","zip"
"FBNEO_NEOGEO","/roms/FBNEO/kf2k4pls.zip","[FTG] 格鬥天王特別版 2004 風雲再起 (盜版)","zip"
"FBNEO_NEOGEO","/roms/FBNEO/wakuwak7.zip","[FTG] 火熱火熱 7","zip"
"FBNEO_NEOGEO","/roms/FBNEO/wakuwak7bh.zip","[FTG] 火熱火熱 7 (Boss 修改版)","zip"
"FBNEO_NEOGEO","/roms/FBNEO/breakers.zip","[FTG] 爆烈人 - 末日英雄","zip"
"FBNEO_NEOGEO","/roms/FBNEO/breakrevbh.zip","[FTG] 爆烈人 復仇 (Boss 修改版)","zip"
"FBNEO_NEOGEO","/roms/FBNEO/brkrevjq.zip","[FTG] 爆烈人 復仇 (增強 修改版)","zip"
"FBNEO_NEOGEO","/roms/FBNEO/breakrev.zip","[FTG] 爆烈人 復仇 - 末日英雄 加強版","zip"
"FBNEO_NEOGEO","/roms/FBNEO/brkrevext.zip","[FTG] 爆烈人 復仇 - 特別模式 (修改版)","zip"
"FBNEO_NEOGEO","/roms/FBNEO/fightfev.zip","[FTG] 狂熱格鬥 (第 1 套)","zip"
"FBNEO_NEOGEO","/roms/FBNEO/aodk.zip","[FTG] 痛快 GANGAN 進行曲 (ADM-008)(ADH-008)","zip"
"FBNEO_NEOGEO","/roms/FBNEO/rbff1.zip","[FTG] 真餓狼傳說 (NGM-095)(NGH-095)","zip"
"FBNEO_NEOGEO","/roms/FBNEO/rbff1a.zip","[FTG] 真餓狼傳說 (修復版)","zip"
"FBNEO_NEOGEO","/roms/FBNEO/rbff2.zip","[FTG] 真餓狼傳說 2 - 新的來者 (NGM-2400)","zip"
"FBNEO_NEOGEO","/roms/FBNEO/rbff2bs.zip","[FTG] 真餓狼傳說 2 - 新的來者 (可選隱藏角色, 修改版)","zip"
"FBNEO_NEOGEO","/roms/FBNEO/rbffspec.zip","[FTG] 真餓狼傳說特別版","zip"
"FBNEO_NEOGEO","/roms/FBNEO/rbffspbs.zip","[FTG] 真餓狼傳說特別版 (Boss 修改版)","zip"
"FBNEO_NEOGEO","/roms/FBNEO/ragnagrd.zip","[FTG] 神凰拳","zip"
"FBNEO_NEOGEO","/roms/FBNEO/cthd2003.zip","[FTG] 臥虎藏龍 2003 (第 1 套)","zip"
"FBNEO_NEOGEO","/roms/FBNEO/cthd2k3a.zip","[FTG] 臥虎藏龍 2003 (第 2 套)","zip"
"FBNEO_NEOGEO","/roms/FBNEO/ct2k3sa.zip","[FTG] 臥虎藏龍 2003 風雲 超級加強替換版","zip"
"FBNEO_NEOGEO","/roms/FBNEO/ct2k3sp.zip","[FTG] 臥虎藏龍 2003 風雲 超級加強版","zip"
"FBNEO_NEOGEO","/roms/FBNEO/gowcaizr.zip","[FTG] 超人學園鋼帝王 (核心選項 Allow Patched 開啟,切換 jlima永恆修改版)","zip"
"FBNEO_NEOGEO","/roms/FBNEO/galaxyfg.zip","[FTG] 銀河快打 - 宇宙戰士","zip"
"FBNEO_NEOGEO","/roms/FBNEO/doubledrbh.zip","[FTG] 雙截龍格鬥 (Boss 修改版)","zip"
"FBNEO_NEOGEO","/roms/FBNEO/doubledr.zip","[FTG] 雙截龍格鬥 (Neo-Geo)","zip"
"FBNEO_NEOGEO","/roms/FBNEO/doubldsp.zip","[FTG] 雙截龍格鬥 (特別版 2017, 修改版)","zip"
"FBNEO_NEOGEO","/roms/FBNEO/doubledr_cn.hak","[FTG] 雙截龍格鬥 (盛大中文版)(CN)","hak"
"FBNEO_NEOGEO","/roms/FBNEO/ninjamas.zip","[FTG] 霸王忍法帖","zip"
"FBNEO_NEOGEO","/roms/FBNEO/ninjamasha.zip","[FTG] 霸王忍法帖 (加強版)","zip"
"FBNEO_NEOGEO","/roms/FBNEO/savagere.zip","[FTG] 風雲默示錄 - 格鬥創世","zip"
"FBNEO_NEOGEO","/roms/FBNEO/savagereb.zip","[FTG] 風雲默示錄 - 格鬥創世 (Boss 修改版)","zip"
"FBNEO_NEOGEO","/roms/FBNEO/kizuna.zip","[FTG] 風雲默示錄 2 - 超級組隊戰","zip"
"FBNEO_NEOGEO","/roms/FBNEO/ffury1bs.zip","[FTG] 餓狼傳說 - 宿命之戰 (Boss 修改版 by Yumeji)","zip"
"FBNEO_NEOGEO","/roms/FBNEO/fatfury1.zip","[FTG] 餓狼傳說 - 宿命之戰 (NGM-033)(NGH-033)","zip"
"FBNEO_NEOGEO","/roms/FBNEO/garou.zip","[FTG] 餓狼傳說 - 狼之烙印 (NGM-2530)","zip"
"FBNEO_NEOGEO","/roms/FBNEO/garoubs.zip","[FTG] 餓狼傳說 - 狼之烙印 (隱藏角色開啟))","zip"
"FBNEO_NEOGEO","/roms/FBNEO/fatfury2.zip","[FTG] 餓狼傳說 2 - 新的戰鬥 (NGM-047)(NGH-047)","zip"
"FBNEO_NEOGEO","/roms/FBNEO/fatfury3.zip","[FTG] 餓狼傳說 3 - 通向最終勝利之路 (NGM-069)(NGH-069)","zip"
"FBNEO_NEOGEO","/roms/FBNEO/ffury3bs.zip","[FTG] 餓狼傳說 3 - 通向最終勝利之路 (遠古之戰復興)","zip"
"FBNEO_NEOGEO","/roms/FBNEO/fatfursp.zip","[FTG] 餓狼傳說特別版 (第 1 套)(NGM-058)(NGH-058)","zip"
"FBNEO_NEOGEO","/roms/FBNEO/ffurspbs.zip","[FTG] 餓狼傳說特別版 (隱藏人物開啟修改版)","zip"
"FBNEO_NEOGEO","/roms/FBNEO/dragonsh.zip","[FTG] 龍之天堂 (開發版)","zip"
"FBNEO_NEOGEO","/roms/FBNEO/rotd.zip","[FTG] 龍吼 (NGM-2640)","zip"
"FBNEO_NEOGEO","/roms/FBNEO/aof.zip","[FTG] 龍虎之拳 (NGM-044)(NGH-044)","zip"
"FBNEO_NEOGEO","/roms/FBNEO/aof2.zip","[FTG] 龍虎之拳 2 (NGM-056)","zip"
"FBNEO_NEOGEO","/roms/FBNEO/aof2bh.zip","[FTG] 龍虎之拳 2 (隱藏角色開啟V2)","zip"
"FBNEO_NEOGEO","/roms/FBNEO/aof2bhs.zip","[FTG] 龍虎之拳 2 (Boss 簡化出招)","zip"
"FBNEO_NEOGEO","/roms/FBNEO/aof3.zip","[FTG] 龍虎之拳 3 - 鬥士之路","zip"
"FBNEO_NEOGEO","/roms/FBNEO/aof3bh.zip","[FTG] 龍虎之拳 3 - 鬥士之路 (隱藏角色開啟V2)","zip"
"FBNEO_NEOGEO","/roms/FBNEO/neomrdo.zip","[PUZ] Neo 小丑先生","zip"
"FBNEO_NEOGEO","/roms/FBNEO/neotet.zip","[PUZ] NeoGeo 2人俄羅斯方塊","zip"
"FBNEO_NEOGEO","/roms/FBNEO/totc.zip","[PUZ] 加勒比寶藏","zip"
"FBNEO_NEOGEO","/roms/FBNEO/ltorb.zip","[PUZ] 印第安納瓊斯之失落的神殿 (20050717)","zip"
"FBNEO_NEOGEO","/roms/FBNEO/quizdais.zip","[PUZ] 問答大搜查線 - 最後倒計時 (NGM-023)(NGH-023)","zip"
"FBNEO_NEOGEO","/roms/FBNEO/neotris.zip","[PUZ] 四人俄羅斯方塊 (免費測試版 2, 版本 202009)","zip"
"FBNEO_NEOGEO","/roms/FBNEO/twinspri.zip","[PUZ] 夢幻小妖精","zip"
"FBNEO_NEOGEO","/roms/FBNEO/pnyaa.zip","[PUZ] 寵物方塊 (版本 2.02)","zip"
"FBNEO_NEOGEO","/roms/FBNEO/columnsn.zip","[PUZ] 寶石方塊 (Neo Geo)","zip"
"FBNEO_NEOGEO","/roms/FBNEO/marukodq.zip","[PUZ] 小丸子問答","zip"
"FBNEO_NEOGEO","/roms/FBNEO/zintrkcd.zip","[PUZ] 擠壓史萊姆 (Neo CD 轉換版)","zip"
"FBNEO_NEOGEO","/roms/FBNEO/zintrckb.zip","[PUZ] 擠壓史萊姆 (修改版 / 盜版)","zip"
"FBNEO_NEOGEO","/roms/FBNEO/gururin.zip","[PUZ] 方塊小人","zip"
"FBNEO_NEOGEO","/roms/FBNEO/popbounc.zip","[PUZ] 暴擊跳跳球","zip"
"FBNEO_NEOGEO","/roms/FBNEO/quizkof.zip","[PUZ] 格鬥天王問答 (SAM-080)(SAH-080)","zip"
"FBNEO_NEOGEO","/roms/FBNEO/pbobblen.zip","[PUZ] 泡泡龍 / 爆裂移動 (Neo-Geo)(NGM-083)","zip"
"FBNEO_NEOGEO","/roms/FBNEO/pbobbl2n.zip","[PUZ] 泡泡龍 2 / 再次爆裂移動 (Neo-Geo)","zip"
"FBNEO_NEOGEO","/roms/FBNEO/panicbom.zip","[PUZ] 炸彈人方塊","zip"
"FBNEO_NEOGEO","/roms/FBNEO/puzzledp.zip","[PUZ] 益智氣泡","zip"
"FBNEO_NEOGEO","/roms/FBNEO/puzzldpr.zip","[PUZ] 益智氣泡 R","zip"
"FBNEO_NEOGEO","/roms/FBNEO/hypernoid.zip","[PUZ] 超新星 (版本 20211128)","zip"
"FBNEO_NEOGEO","/roms/FBNEO/quizdai2.zip","[PUZ] 迷探偵 Neo & Geo - 問答大搜查線 2 (NGM-042)(NGH-042)","zip"
"FBNEO_NEOGEO","/roms/FBNEO/miexchng.zip","[PUZ] 金錢益智對決","zip"
"FBNEO_NEOGEO","/roms/FBNEO/joyjoy.zip","[PUZ] 陽光方塊 (NGM-021)(NGH-021)","zip"
"FBNEO_NEOGEO","/roms/FBNEO/ghostlop.zip","[PUZ] 鬼精靈投球手 (工程版)","zip"
"FBNEO_NEOGEO","/roms/FBNEO/magdrop2.zip","[PUZ] 魔法堆球 II","zip"
"FBNEO_NEOGEO","/roms/FBNEO/magdrop3.zip","[PUZ] 魔法堆球 III","zip"
"FBNEO_NEOGEO","/roms/FBNEO/magdrop3bh.zip","[PUZ] 魔法堆球 III (可選隱藏角色, 修改版)","zip"
"FBNEO_NEOGEO","/roms/FBNEO/neodrift.zip","[RAC] Neo 越野漂移 - 新的技術","zip"
"FBNEO_NEOGEO","/roms/FBNEO/trally.zip","[RAC] 極速英豪 - 拉力賽車 (ALM-003)(ALH-003)","zip"
"FBNEO_NEOGEO","/roms/FBNEO/stakwin.zip","[RAC] 賽馬冠軍 - GI 完全制霸之道","zip"
"FBNEO_NEOGEO","/roms/FBNEO/stakwin2.zip","[RAC] 賽馬冠軍 2","zip"
"FBNEO_NEOGEO","/roms/FBNEO/overtop.zip","[RAC] 跨越巔峰","zip"
"FBNEO_NEOGEO","/roms/FBNEO/ridhero.zip","[RAC] 鐵騎英雄 (NGM-006)(NGH-006)","zip"
"FBNEO_NEOGEO","/roms/FBNEO/ridheroh.zip","[RAC] 鐵騎英雄 (第 2 套)","zip"
"FBNEO_NEOGEO","/roms/FBNEO/2020bb.zip","[SPG] 2020 超級棒球 (第 1 套)","zip"
"FBNEO_NEOGEO","/roms/FBNEO/neocup98.zip","[SPG] Neo-Geo 杯 '98 - 勝利之路","zip"
"FBNEO_NEOGEO","/roms/FBNEO/twsoc96.zip","[SPG] Tecmo 世界盃足球 '96","zip"
"FBNEO_NEOGEO","/roms/FBNEO/pspikes2.zip","[SPG] 力量排球 II (NGM-068)","zip"
"FBNEO_NEOGEO","/roms/FBNEO/goalx3.zip","[SPG] 射門!射門!射門!","zip"
"FBNEO_NEOGEO","/roms/FBNEO/pgoal.zip","[SPG] 快樂射門 / 五人足球 (NGM-219)","zip"
"FBNEO_NEOGEO","/roms/FBNEO/turfmast.zip","[SPG] 新草坪大師賽 / 高爾夫錦標賽","zip"
"FBNEO_NEOGEO","/roms/FBNEO/bstars2.zip","[SPG] 棒球之星 2","zip"
"FBNEO_NEOGEO","/roms/FBNEO/bstars.zip","[SPG] 棒球之星專業版 (NGM-002)","zip"
"FBNEO_NEOGEO","/roms/FBNEO/socbrawl.zip","[SPG] 機器人足球 (NGM-031)","zip"
"FBNEO_NEOGEO","/roms/FBNEO/fbfrenzy.zip","[SPG] 瘋狂橄欖球 (NGM-034)(NGH-034)","zip"
"FBNEO_NEOGEO","/roms/FBNEO/flipshot.zip","[SPG] 盾牌大戰","zip"
"FBNEO_NEOGEO","/roms/FBNEO/bangbead.zip","[SPG] 碰碰球","zip"
"FBNEO_NEOGEO","/roms/FBNEO/ssideki4.zip","[SPG] 終極十一人 - SNK 足球錦標賽 / 得點王 - 炎之自由人","zip"
"FBNEO_NEOGEO","/roms/FBNEO/lbowling.zip","[SPG] 聯盟保齡球 (NGM-019)(NGH-019)","zip"
"FBNEO_NEOGEO","/roms/FBNEO/strhoop.zip","[SPG] 街頭籃球 (DEM-004)(DEH-004)","zip"
"FBNEO_NEOGEO","/roms/FBNEO/ssideki.zip","[SPG] 超級夥伴 / 得點王","zip"
"FBNEO_NEOGEO","/roms/FBNEO/ssideki2.zip","[SPG] 超級夥伴 2 - 世界錦標賽 / 得點王 2 - 真實對抗足球 (NGM-061)(NGH-061)","zip"
"FBNEO_NEOGEO","/roms/FBNEO/ssideki3.zip","[SPG] 超級夥伴 3 - 榮耀之戰 / 得點王 3 - 榮耀之挑戰","zip"
"FBNEO_NEOGEO","/roms/FBNEO/sdodgeb.zip","[SPG] 超級躲避球 / 國夫君熱血鬥球傳說","zip"
"FBNEO_NEOGEO","/roms/FBNEO/sdodgebh.zip","[SPG] 超級躲避球 / 國夫君熱血鬥球傳說 (可選隱藏角色, 修改版)","zip"
"FBNEO_NEOGEO","/roms/FBNEO/wjammers.zip","[SPG] 超級飛碟球","zip"
"FBNEO_NEOGEO","/roms/FBNEO/tpgolf.zip","[SPG] 頂尖高爾夫 (NGM-003)(NGH-003)","zip"
"FBNEO_NEOGEO","/roms/FBNEO/zedblade.zip","[STG] 刀鋒戰機","zip"
"FBNEO_NEOGEO","/roms/FBNEO/androdun.zip","[STG] 勇者之擊 (NGM-049)(NGH-049)","zip"
"FBNEO_NEOGEO","/roms/FBNEO/preisle2.zip","[STG] 原始島 2","zip"
"FBNEO_NEOGEO","/roms/FBNEO/sonicwi2.zip","[STG] 四國戰機 2 / 音速戰機 2","zip"
"FBNEO_NEOGEO","/roms/FBNEO/sonicwi3.zip","[STG] 四國戰機 3 / 音速戰機 3","zip"
"FBNEO_NEOGEO","/roms/FBNEO/viewpoinp.zip","[STG] 得分王 / 視點 (工程版)","zip"
"FBNEO_NEOGEO","/roms/FBNEO/pulstar.zip","[STG] 惑星戰機","zip"
"FBNEO_NEOGEO","/roms/FBNEO/s1945p.zip","[STG] 打擊者 1945 加強版","zip"
"FBNEO_NEOGEO","/roms/FBNEO/lasthope.zip","[STG] 最終希望  (AES 轉 MVS 轉換版盜版, 不支持投幣)","zip"
"FBNEO_NEOGEO","/roms/FBNEO/lhcdb.zip","[STG] 最終希望 CD 測試 (Neo CD 轉換版)","zip"
"FBNEO_NEOGEO","/roms/FBNEO/cnbe.zip","[STG] 空戰代號 - 血腥天使 (2006-01-19)","zip"
"FBNEO_NEOGEO","/roms/FBNEO/cnbe2018.zip","[STG] 空戰代號 - 血腥天使 (2018-09-05)","zip"
"FBNEO_NEOGEO","/roms/FBNEO/lresort.zip","[STG] 終極手段","zip"
"FBNEO_NEOGEO","/roms/FBNEO/ctomaday.zip","[STG] 蕃茄超人","zip"
"FBNEO_NEOGEO","/roms/FBNEO/ironclad.zip","[STG] 超鐵戰機 (工程版)","zip"
"FBNEO_NEOGEO","/roms/FBNEO/blazstar.zip","[STG] 閃亮之星","zip"
"FBNEO_NEOGEO","/roms/FBNEO/blazstarcm.zip","[STG] 閃亮之星 (可選關卡 修改版)","zip"
"FBNEO_NEOGEO","/roms/FBNEO/alpham2.zip","[STG] 阿爾法任務 II - 最後的守護神 (NGM-007)(NGH-007)","zip"
"FBNEO_NEOGEO","/roms/FBNEO/viewpoin.zip","[STG] 魔眼戰機","zip"
"FBNEO_NEOGEO","/roms/FBNEO/gpilots.zip","[STG] 魔鬼飛行員 - 幽靈戰區 (NGM-020)(NGH-020)","zip"
"FBNEO_NEOGEO","/roms/FBNEO/froman2b.zip","[TAB] 偶像麻將 - 許願樹 2 (Neo CD 轉換版)","zip"
"FBNEO_NEOGEO","/roms/FBNEO/bakatono.zip","[TAB] 傻瓜殿下 麻將漫遊記 (MOM-002)(MOH-002)","zip"
"FBNEO_NEOGEO","/roms/FBNEO/moshougi.zip","[TAB] 將棋達人","zip"
"FBNEO_NEOGEO","/roms/FBNEO/poknight.zip","[TAB] 撲克之夜","zip"
"FBNEO_NEOGEO","/roms/FBNEO/vliner.zip","[TAB] 水果機 (第 1 套)","zip"
"FBNEO_NEOGEO","/roms/FBNEO/minasan.zip","[TAB] 皆大歡喜! 骰子大會 (MOM-001)(MOH-001)","zip"
"FBNEO_NEOGEO","/roms/FBNEO/vliner7e.zip","[TAB] 賭博機 (版本 0.7e)","zip"
"FBNEO_NEOGEO","/roms/FBNEO/jockeygp.zip","[TAB] 賽馬大獎賽 (第 1 套)","zip"
"FBNEO_NEOGEO","/roms/FBNEO/janshin.zip","[TAB] 雀神傳說 - 尋找麻將大師","zip"
"FBNEO_NEOGEO","/roms/FBNEO/mahretsu.zip","[TAB] 麻將狂列傳 (NGM-004)(NGH-004)","zip"
"FBNEO_PGM","/roms/FBNEO/kovshp100.zip","[ACT] 三國戰紀 - 亂世梟雄 (V100, 中版)","zip"
"FBNEO_PGM","/roms/FBNEO/kovshp.zip","[ACT] 三國戰紀 - 亂世梟雄 (V101)","zip"
"FBNEO_PGM","/roms/FBNEO/kovshp101.zip","[ACT] 三國戰紀 - 亂世梟雄 (V101, 中版)","zip"
"FBNEO_PGM","/roms/FBNEO/kovytzy.zip","[ACT] 三國戰紀 - 亂世梟雄 - 一統中原 (V201, 中版)","zip"
"FBNEO_PGM","/roms/FBNEO/kovytzyws.zip","[ACT] 三國戰紀 - 亂世梟雄 - 一統中原 無雙版 (2019,Hack)","zip"
"FBNEO_PGM","/roms/FBNEO/kovytzyce.zip","[ACT] 三國戰紀 - 亂世梟雄 - 一統中原 青版 (2020-A, Hack)","zip"
"FBNEO_PGM","/roms/FBNEO/kovlsqho.zip","[ACT] 三國戰紀 - 亂世梟雄 - 亂世拳皇 特別版 (V112CN, 中版)","zip"
"FBNEO_PGM","/roms/FBNEO/kovlsyx.zip","[ACT] 三國戰紀 - 亂世梟雄 - 亂世英雄 (Hack,V500)","zip"
"FBNEO_PGM","/roms/FBNEO/kovassgn.zip","[ACT] 三國戰紀 - 亂世梟雄 - 傲世三國 (較新版, V202CN, 中版)","zip"
"FBNEO_PGM","/roms/FBNEO/kovshpzqhl.zip","[ACT] 三國戰紀 - 亂世梟雄 - 最強火力 (2020-02-06)","zip"
"FBNEO_PGM","/roms/FBNEO/kovlsyxqszl.zip","[ACT] 三國戰紀 - 亂世梟雄 - 求生之路 (Hack,v500)","zip"
"FBNEO_PGM","/roms/FBNEO/kovshpqszl.zip","[ACT] 三國戰紀 - 亂世梟雄 - 求生之路 (v500, Hack)","zip"
"FBNEO_PGM","/roms/FBNEO/kovshpqszltw.zip","[ACT] 三國戰紀 - 亂世梟雄 - 求生之路天王版 (V500, Hack)","zip"
"FBNEO_PGM","/roms/FBNEO/kovqxzbws.zip","[ACT] 三國戰紀 - 亂世梟雄 - 群雄爭霸風雲再起 無雙 (Hack,2022-07-31)","zip"
"FBNEO_PGM","/roms/FBNEO/kovlsyxqxzl.zip","[ACT] 三國戰紀 - 亂世梟雄 - 群雄逐鹿 (Hack, V500)","zip"
"FBNEO_PGM","/roms/FBNEO/kovlsyxqxzlp.zip","[ACT] 三國戰紀 - 亂世梟雄 - 群雄逐鹿 Plus (Hack, V500)","zip"
"FBNEO_PGM","/roms/FBNEO/kovshpd3dw.zip","[ACT] 三國戰紀 - 亂世梟雄 - 群雄逐鹿無雙版 (Hack, 版本 500)","zip"
"FBNEO_PGM","/roms/FBNEO/kovplus.zip","[ACT] 三國戰紀 - 正宗Plus (V119)","zip"
"FBNEO_PGM","/roms/FBNEO/kovsgqyz.zip","[ACT] 三國戰紀 - 正宗Plus - 三國群英傳 (第 1 套)","zip"
"FBNEO_PGM","/roms/FBNEO/kovsgqyza.zip","[ACT] 三國戰紀 - 正宗Plus - 三國群英傳 (第 2 套)","zip"
"FBNEO_PGM","/roms/FBNEO/kovsgqyzb.zip","[ACT] 三國戰紀 - 正宗Plus - 三國群英傳 (第 3 套)","zip"
"FBNEO_PGM","/roms/FBNEO/kovsgqyzc.zip","[ACT] 三國戰紀 - 正宗Plus - 三國群英傳 (第 4 套)","zip"
"FBNEO_PGM","/roms/FBNEO/kovsgqyzd.zip","[ACT] 三國戰紀 - 正宗Plus - 三國群英傳 (第 5 套)","zip"
"FBNEO_PGM","/roms/FBNEO/kovp12em.zip","[ACT] 三國戰紀 - 正宗Plus - 噩夢 (Hack)","zip"
"FBNEO_PGM","/roms/FBNEO/kovphsqj.zip","[ACT] 三國戰紀 - 正宗Plus - 橫掃千軍 (Hack)","zip"
"FBNEO_PGM","/roms/FBNEO/kovp12dw.zip","[ACT] 三國戰紀 - 正宗Plus - 無雙 (Hack)","zip"
"FBNEO_PGM","/roms/FBNEO/kovptstd.zip","[ACT] 三國戰紀 - 正宗Plus - 真·吞食天地 (Hack)","zip"
"FBNEO_PGM","/roms/FBNEO/kovplusq.zip","[ACT] 三國戰紀 - 正宗Plus - 群英新傳 (Hack)","zip"
"FBNEO_PGM","/roms/FBNEO/kovplus20tx.zip","[ACT] 三國戰紀 - 正宗Plus - 群雄亂舞 2020 (Hack)","zip"
"FBNEO_PGM","/roms/FBNEO/kovsh.zip","[ACT] 三國戰紀 - 風雲再起 (V104, 中版)","zip"
"FBNEO_PGM","/roms/FBNEO/kovshxsh.zip","[ACT] 三國戰紀 - 風雲再起 - 三國殺超級英雄 (Hack)","zip"
"FBNEO_PGM","/roms/FBNEO/kovshdf.zip","[ACT] 三國戰紀 - 風雲再起 - 地下城與勇士 (Hack)","zip"
"FBNEO_PGM","/roms/FBNEO/kovqhsgs.zip","[ACT] 三國戰紀 - 風雲再起 - 拳皇三國特別版 (V303CN, 中版)","zip"
"FBNEO_PGM","/roms/FBNEO/kovshszl.zip","[ACT] 三國戰紀 - 風雲再起 - 超神之路 (Hack)","zip"
"FBNEO_PGM","/roms/FBNEO/kovshmg.zip","[ACT] 三國戰紀 - 風雲再起 - 麻瓜傳說 (Hack)","zip"
"FBNEO_PGM","/roms/FBNEO/kov.zip","[ACT] 三國戰紀 1 (版本 117)","zip"
"FBNEO_PGM","/roms/FBNEO/kov115.zip","[ACT] 三國戰紀 1 - 最佳化版 (版本 115)","zip"
"FBNEO_PGM","/roms/FBNEO/kov2dzxx.zip","[ACT] 三國戰紀 2 (斗轉星旋, v110)","zip"
"FBNEO_PGM","/roms/FBNEO/kov2.zip","[ACT] 三國戰紀 2 (版本 107, 香港版)","zip"
"FBNEO_PGM","/roms/FBNEO/kov2nl_302cn.zip","[ACT] 三國戰紀 2 - 蓋世英雄 (PGM2, 版本 302, 中國版)","zip"
"FBNEO_PGM","/roms/FBNEO/kov2nl.zip","[ACT] 三國戰紀 2 - 蓋世英雄 (PGM2, 版本 302, 海外版)","zip"
"FBNEO_PGM","/roms/FBNEO/kov2pemp.zip","[ACT] 三國戰紀 2 Plus - 屬性增強 (Hack)","zip"
"FBNEO_PGM","/roms/FBNEO/kov2p200.zip","[ACT] 三國戰紀 2 Plus - 群雄爭霸 (VM200XX)","zip"
"FBNEO_PGM","/roms/FBNEO/kov2p.zip","[ACT] 三國戰紀 2 Plus - 群雄爭霸 (VM205XX, 中版)","zip"
"FBNEO_PGM","/roms/FBNEO/kov2pshpd.zip","[ACT] 三國戰紀 2 Plus - 邪鳳天熾 (Hack)","zip"
"FBNEO_PGM","/roms/FBNEO/kov2pfwll.zip","[ACT] 三國戰紀 2 Plus - 鳳舞龍吟 (版本 205S, Hack)","zip"
"FBNEO_PGM","/roms/FBNEO/kov3.zip","[ACT] 三國戰紀 3 (PGM2, 版本 102, 中國版)","zip"
"FBNEO_PGM","/roms/FBNEO/theglad100.zip","[ACT] 神劍伏魔錄 (版本 100, 台灣版)","zip"
"FBNEO_PGM","/roms/FBNEO/theglad.zip","[ACT] 神劍伏魔錄 (版本 101, 中國版)","zip"
"FBNEO_PGM","/roms/FBNEO/oldsmx.zip","[ACT] 西行平妖記 - 夢尋靈山 (修改版)","zip"
"FBNEO_PGM","/roms/FBNEO/oldsdsgl.zip","[ACT] 西行平妖記 - 大聖歸來 (修改版)","zip"
"FBNEO_PGM","/roms/FBNEO/orlegend111t.zip","[ACT] 西遊釋厄傳 (版本 111, 台灣版)","zip"
"FBNEO_PGM","/roms/FBNEO/orlegend.zip","[ACT] 西遊釋厄傳 (版本 126)","zip"
"FBNEO_PGM","/roms/FBNEO/oldsplusnr.zip","[ACT] 西遊釋厄傳 - 新群魔亂舞 (版本 211, 最終版)","zip"
"FBNEO_PGM","/roms/FBNEO/oldsplus.zip","[ACT] 西遊釋厄傳 - 群魔亂舞 (世界版)(版本 205)","zip"
"FBNEO_PGM","/roms/FBNEO/orleg2_104cn.zip","[ACT] 西遊釋厄傳 2 (PGM2, 版本 104, 中國版)","zip"
"FBNEO_PGM","/roms/FBNEO/orleg2_104jp.zip","[ACT] 西遊釋厄傳 2 (PGM2, 版本 104, 日本版)","zip"
"FBNEO_PGM","/roms/FBNEO/orleg2.zip","[ACT] 西遊釋厄傳 2 (PGM2, 版本 104, 海外版)","zip"
"FBNEO_PGM","/roms/FBNEO/zerofxz.zip","[ACT] 西遊釋厄傳 ZERO (修改版)","zip"
"FBNEO_PGM","/roms/FBNEO/olds100.zip","[ACT] 西遊釋厄傳超級版 (版本 100, 中國版)","zip"
"FBNEO_PGM","/roms/FBNEO/olds.zip","[ACT] 西遊釋厄傳超級版 (版本 101, 韓版)","zip"
"FBNEO_PGM","/roms/FBNEO/dmnfrnt.zip","[ACT] 魔域戰線 (版本 M105XX, S105XX)","zip"
"FBNEO_PGM","/roms/FBNEO/killbld.zip","[FTG] 傲劍狂刀 (版本 109, 中國版)","zip"
"FBNEO_PGM","/roms/FBNEO/killbldp.zip","[FTG] 傲劍狂刀加強版 (版本 300, 中國版)","zip"
"FBNEO_PGM","/roms/FBNEO/martmast.zip","[FTG] 形意拳 (V104, 102, 102, 美版)","zip"
"FBNEO_PGM","/roms/FBNEO/marmatsc.zip","[FTG] 形意拳 - 可選隱藏人物 (修改版)","zip"
"FBNEO_PGM","/roms/FBNEO/marmatcp.zip","[FTG] 形意拳 - 增強遊戲平衡 (修改版)","zip"
"FBNEO_PGM","/roms/FBNEO/kof98umh.zip","[FTG] 拳皇98終極之戰英雄 (PGM2, V100, 中國版)","zip"
"FBNEO_PGM","/roms/FBNEO/svg.zip","[FTG] 聖魔世紀 (版本 200, 中國版)","zip"
"FBNEO_PGM","/roms/FBNEO/dw2001.zip","[PUZ] 中國龍 2001 (版本 100, 日版)","zip"
"FBNEO_PGM","/roms/FBNEO/drgw2101c.zip","[PUZ] 中國龍 II (V101, 中版)","zip"
"FBNEO_PGM","/roms/FBNEO/drgw2101j.zip","[PUZ] 中國龍 II (V101, 日版)","zip"
"FBNEO_PGM","/roms/FBNEO/drgw2.zip","[PUZ] 中國龍 II (V110X, 世界版)","zip"
"FBNEO_PGM","/roms/FBNEO/drgw2100hk.zip","[PUZ] 中國龍 II (版本 100H, 香港版)","zip"
"FBNEO_PGM","/roms/FBNEO/drgw3.zip","[PUZ] 中國龍 III (V106, 中版)","zip"
"FBNEO_PGM","/roms/FBNEO/dwex.zip","[PUZ] 中國龍 III EX (V100, 世界版)","zip"
"FBNEO_PGM","/roms/FBNEO/dwex101cn.zip","[PUZ] 中國龍 III EX (V101, 中國版)","zip"
"FBNEO_PGM","/roms/FBNEO/drgw3103.zip","[PUZ] 中國龍 III 特別版 (版本 103, 日版)","zip"
"FBNEO_PGM","/roms/FBNEO/dwpc101j.zip","[PUZ] 中國龍 漂亮機會 (版本 101, 日版)","zip"
"FBNEO_PGM","/roms/FBNEO/dwpc.zip","[PUZ] 中國龍 漂亮機會 (版本 110, 中國版)","zip"
"FBNEO_PGM","/roms/FBNEO/photoy2k.zip","[PUZ] 大家來找碴 (版本 105, 中國版)","zip"
"FBNEO_PGM","/roms/FBNEO/py2k2100.zip","[PUZ] 大家來找碴 2  (V100, 日版))","zip"
"FBNEO_PGM","/roms/FBNEO/py2k2.zip","[PUZ] 大家來找碴 2  (VM101XX, 中版)","zip"
"FBNEO_PGM","/roms/FBNEO/happy6.zip","[PUZ] 歡樂六合一 (版本 102 - 版本 101MK, 中國版)","zip"
"FBNEO_PGM","/roms/FBNEO/puzzli2.zip","[PUZ] 泡泡魚 (版本 100, 中國版)","zip"
"FBNEO_PGM","/roms/FBNEO/puzzli2s.zip","[PUZ] 泡泡魚超級版 (版本 200)","zip"
"FBNEO_PGM","/roms/FBNEO/pgm3in1.zip","[PUZ] 閃亮三合一 (版本 102, 中國版)","zip"
"FBNEO_PGM","/roms/FBNEO/puzlstar.zip","[PUZ] 魔幻星座 (版本 100MG, 09/30/99)","zip"
"FBNEO_PGM","/roms/FBNEO/ddpdoj.zip","[STG] 怒首領蜂 - 大往生 (V101, 日版)","zip"
"FBNEO_PGM","/roms/FBNEO/ddpdojblk.zip","[STG] 怒首領蜂 - 大往生 黑標 (日版, 2002.10.07.黑版, 新版)","zip"
"FBNEO_PGM","/roms/FBNEO/ddpdojt.zip","[STG] 怒首領蜂 - 大往生魂 (PGM2, V201, 中國版)","zip"
"FBNEO_PGM","/roms/FBNEO/ddp2.zip","[STG] 怒首領蜂 II - 蜂暴 (V102, 世界版)","zip"
"FBNEO_PGM","/roms/FBNEO/ddp2c.zip","[STG] 怒首領蜂 II - 蜂暴 (V102, 中版)","zip"
"FBNEO_PGM","/roms/FBNEO/ddp2t.zip","[STG] 怒首領蜂 II - 蜂暴 (V102, 台灣版)","zip"
"FBNEO_PGM","/roms/FBNEO/ddp2j.zip","[STG] 怒首領蜂 II - 蜂暴 (V102, 日版)","zip"
"FBNEO_PGM","/roms/FBNEO/ddp2hk.zip","[STG] 怒首領蜂 II - 蜂暴 (V102, 港版)","zip"
"FBNEO_PGM","/roms/FBNEO/ddp3.zip","[STG] 怒首領蜂 III (世界版, 2002.05.15 主版本)","zip"
"FBNEO_PGM","/roms/FBNEO/ketarrs151.zip","[STG] 決心 - 羈絆地獄群 (MR. Stoic 版本 1.51, Trap15 修改)","zip"
"FBNEO_PGM","/roms/FBNEO/ket.zip","[STG] 決心 - 羈絆地獄群 (修正版 2?, 日版)","zip"
"FBNEO_PGM","/roms/FBNEO/ketarrf.zip","[STG] 決心 - 羈絆地獄群 (快速版, Trap15 修改)","zip"
"FBNEO_PGM","/roms/FBNEO/ketarr.zip","[STG] 決心 - 羈絆地獄群 (調整版 1.7, Trap15 修改)","zip"
"FBNEO_PGM","/roms/FBNEO/espgal.zip","[STG] 聖戰之翼 (版本 100, 日版)","zip"
